resource_id,resource,building,exchange_q0_price,price_timestamp,price_source,hourly_output_lvl1,material_unit_cost,material_unit_cost_exchange_inputs,contract_input_discount_percent,material_unit_cost_contract_inputs,worker_unit_cost,admin_overhead_percent_assumed,admin_unit_cost_assumed,exchange_fee_percent,exchange_net_unit_revenue_after_fee,transport_units,transport_q0_price,freight_unit_cost_exchange_full,production_season,retail_season,is_seasonal,unit_cost_base_excluding_freight,unit_cost_base_exchange_inputs_excluding_freight,unit_cost_base_contract_inputs_excluding_freight,unit_cost_contract_inputs_exchange_sale,unit_cost_exchange_with_freight,unit_profit_contract_inputs_exchange_sale,unit_profit_exchange_with_freight_after_fee,hourly_profit_contract_inputs_exchange_sale,hourly_profit_exchange_with_freight_after_fee,unit_cost_contract_no_freight,unit_profit_contract_no_freight,hourly_profit_contract_no_freight,unit_profit_exchange_with_freight,hourly_profit_exchange_with_freight,inputs
150,Tree,v,346.0,2026-07-22T21:24:56.720692Z,simcotools_market_prices,9.999999998843611,4.6080000000000005,4.6080000000000005,3.0,4.46976,7.935000000917595,20.0,1.5870000001835192,4.0,332.15999999999997,1.0,0.374,0.374,,Xmas,True,14.130000001101115,14.130000001101115,13.991760001101113,14.365760001101114,14.504000001101115,317.79423999889883,317.65599999889884,3177.9423996214946,3176.5599996216547,14.365760001101114,317.79423999889883,3177.9423996214946,317.65599999889884,3176.5599996216547,Water x 12 @ exchange 0.3840 / contract 0.3725
146,Pumpkin,P,12.7,2026-07-22T19:13:09.445166Z,simcotools_market_prices,137.48814038573866,3.666,3.666,3.0,3.5560199999999997,0.7527922023646472,20.0,0.15055844047292943,4.0,12.191999999999998,1.0,0.374,0.374,AutumnHarvest,,True,4.569350642837577,4.569350642837577,4.459370642837577,4.8333706428375764,4.943350642837577,7.358629357162422,7.248649357162422,1011.7242661041649,996.6033204245414,4.8333706428375764,7.358629357162422,1011.7242661041649,7.248649357162422,996.6033204245414,Water x 8 @ exchange 0.3840 / contract 0.3725; Seeds x 2 @ exchange 0.2970 / contract 0.2881
154,Apple icecream,k,88.0,2026-07-22T21:39:40.196903Z,simcotools_market_prices,32.14335468879014,39.925,39.925,3.0,38.72725,11.806483911660568,20.0,2.361296782332113,4.0,84.47999999999999,1.0,0.374,0.374,,Summer,True,54.09278069399267,54.09278069399267,52.89503069399267,53.269030693992676,54.466780693992675,31.210969306007314,30.013219306007315,1003.2252565839353,964.725553505437,53.269030693992676,31.210969306007314,1003.2252565839353,30.013219306007315,964.725553505437,Milk x 2 @ exchange 10.0000 / contract 9.7000; Sugar x 0.5 @ exchange 20.2500 / contract 19.6425; Apples x 4 @ exchange 2.4500 / contract 2.3765
153,Chocolate icecream,k,91.5,2026-07-22T21:20:56.225654Z,simcotools_market_prices,32.14335468879014,46.625,46.625,3.0,45.22624999999999,11.806483911660568,20.0,2.361296782332113,4.0,87.84,1.0,0.374,0.374,,Summer,True,60.792780693992675,60.792780693992675,59.39403069399267,59.76803069399267,61.16678069399268,28.071969306007333,26.673219306007326,902.3272662158237,857.3667488448782,59.76803069399267,28.071969306007333,902.3272662158237,26.673219306007326,857.3667488448782,Milk x 2 @ exchange 10.0000 / contract 9.7000; Sugar x 0.5 @ exchange 20.2500 / contract 19.6425; Chocolate x 0.0625 @ exchange 264.0000 / contract 256.0800
98,Quadcopter,8,900.0,2026-07-15T14:37:37.159920+00:00,simcompanies_market_listing,12.447350106526388,730.3,730.3,3.0,708.3910000000001,58.20515963635751,20.0,11.641031927271502,4.0,864.0,2.0,0.374,0.748,,,False,800.1461915636289,800.1461915636289,778.237191563629,778.9851915636291,800.894191563629,85.01480843637091,63.105808436371035,1058.209084846782,785.5000913628968,778.9851915636291,85.01480843637091,1058.209084846782,63.105808436371035,785.5000913628968,On-board computer x 1 @ exchange 446.0000 / contract 432.6200; Batteries x 1 @ exchange 88.0000 / contract 85.3600; Electronic components x 3 @ exchange 57.5000 / contract 55.7750; Plastic x 2 @ exchange 11.9000 / contract 11.5430
70,Luxury watch,T,830.0,2026-07-22T21:34:23.700668+00:00,simcompanies_market_listing,18.837724049108996,759.7,759.7,3.0,736.909,7.325725742676821,20.0,1.4651451485353642,4.0,796.8,1.0,0.374,0.374,,,False,768.4908708912122,768.4908708912122,745.6998708912122,746.0738708912122,768.8648708912123,50.726129108787745,27.93512910878769,955.5648222308188,526.2342534275747,746.0738708912122,50.726129108787745,955.5648222308188,27.93512910878769,526.2342534275747,Golden bars x 0.1 @ exchange 6375.0000 / contract 6183.7500; Electronic components x 2 @ exchange 57.5000 / contract 55.7750; Glass x 0.5 @ exchange 14.4000 / contract 13.9680
149,Pumpkin soup,m,950.0,2026-07-22T18:17:47.236724Z,simcotools_market_prices,2.0857391429838943,321.0,321.0,3.0,311.37,314.27707640478496,20.0,62.855415280957,4.0,912.0,2.0,0.374,0.748,,,False,698.132491685742,698.132491685742,688.5024916857419,689.250491685742,698.8804916857421,222.74950831425804,213.11950831425793,464.5973685714644,444.5117006245293,689.250491685742,222.74950831425804,464.5973685714644,213.11950831425793,444.5117006245293,Butter x 2 @ exchange 54.5000 / contract 52.8650; Pumpkin x 10 @ exchange 12.7000 / contract 12.3190; Bread x 0.5 @ exchange 170.0000 / contract 164.9000
151,Easter Bunny,k,278.0,2026-07-22T12:20:38.836203Z,simcotools_market_prices,3.673526250147445,22.890625,22.890625,3.0,22.20390625,103.30673422702996,20.0,20.66134684540599,4.0,266.88,1.0,0.374,0.374,,Easter,True,146.85870607243595,146.85870607243595,146.17198732243597,146.54598732243596,147.23270607243595,120.33401267756403,119.64729392756405,442.05015435660687,439.5274750020135,146.54598732243596,120.33401267756403,442.05015435660687,119.64729392756405,439.5274750020135,Cocoa x 8 @ exchange 1.7500 / contract 1.6975; Milk x 0.25 @ exchange 10.0000 / contract 9.7000; Sugar x 0.25 @ exchange 20.2500 / contract 19.6425; Aluminium x 0.0625 @ exchange 21.2500 / contract 20.6125
131,Meat balls,m,2600.0,2026-07-22T09:26:14.673376Z,simcotools_market_prices,1.2931582686500145,1553.675,1553.675,3.0,1507.0647499999998,506.8985103302983,20.0,101.37970206605965,4.0,2496.0,2.0,0.374,0.748,,,False,2161.9532123963577,2161.9532123963577,2115.3429623963575,2116.0909623963576,2162.7012123963577,379.90903760364245,333.29878760364227,491.2825133120195,431.00808312067494,2116.0909623963576,379.90903760364245,491.2825133120195,333.29878760364227,431.00808312067494,Sausages x 2 @ exchange 12.4000 / contract 12.0280; Bread x 1 @ exchange 170.0000 / contract 164.9000; Sauce x 1 @ exchange 1340.0000 / contract 1299.8000; Vegetable oil x 0.5 @ exchange 37.7500 / contract 36.6175
147,Jack o'lantern,L,46.75,2026-07-22T04:21:18.363713Z,simcotools_market_prices,284.69828438642696,41.45,41.45,3.0,40.2065,1.3329901190584512,20.0,0.26659802381169023,4.0,44.879999999999995,1.0,0.374,0.374,,Halloween,True,43.04958814287014,43.04958814287014,41.80608814287014,42.18008814287014,43.423588142870145,2.6999118571298553,1.4564118571298508,768.6602737194416,414.63795708491847,42.18008814287014,2.6999118571298553,768.6602737194416,1.4564118571298508,414.63795708491847,Pumpkin x 1 @ exchange 12.7000 / contract 12.3190; Electronic components x 0.5 @ exchange 57.5000 / contract 55.7750
155,Cream egg,k,145.0,2026-07-22T19:10:05.663877Z,simcotools_market_prices,11.479769531710765,68.8375,68.8375,3.0,66.772375,33.05815495264959,20.0,6.611630990529918,4.0,139.2,1.0,0.374,0.374,,Easter,True,108.50728594317951,108.50728594317951,106.4421609431795,106.8161609431795,108.8812859431795,32.38383905682049,30.318714056820482,371.759008924313,348.05184987013865,106.8161609431795,32.38383905682049,371.759008924313,30.318714056820482,348.05184987013865,Chocolate x 0.1 @ exchange 264.0000 / contract 256.0800; Butter x 0.5 @ exchange 54.5000 / contract 52.8650; Sugar x 0.75 @ exchange 20.2500 / contract 19.6425
15,Bauxite,M,11.8,2026-07-22T21:37:54.214241Z,simcotools_market_prices,96.5218784793032,4.0280000000000005,4.0280000000000005,3.0,3.9071600000000006,2.859455331250951,20.0,0.5718910662501903,4.0,11.328,1.0,0.374,0.374,,,False,7.459346397501141,7.459346397501141,7.338506397501142,7.712506397501142,7.833346397501141,3.6154936024988578,3.4946536024988584,348.9742341430929,337.3105303476539,7.712506397501142,3.6154936024988578,348.9742341430929,3.4946536024988584,337.3105303476539,Power x 14 @ exchange 0.2740 / contract 0.2658; Water x 0.5 @ exchange 0.3840 / contract 0.3725
42,Iron ore,M,6.4,2026-07-22T21:38:00.623279Z,simcotools_market_prices,181.68824184339425,2.1100000000000003,2.1100000000000003,3.0,2.0467000000000004,1.519085644727068,20.0,0.3038171289454136,4.0,6.144,1.0,0.374,0.374,,,False,3.9329027736724815,3.9329027736724815,3.8696027736724816,4.243602773672482,4.306902773672482,1.9003972263275184,1.8370972263275185,345.27983085550983,333.77896514682294,4.243602773672482,1.9003972263275184,345.27983085550983,1.8370972263275185,333.77896514682294,Power x 7 @ exchange 0.2740 / contract 0.2658; Water x 0.5 @ exchange 0.3840 / contract 0.3725
10,Crude oil,O,30.5,2026-07-22T21:38:04.121253+00:00,simcompanies_market_listing,41.52052427246143,6.8500000000000005,6.8500000000000005,3.0,6.644500000000001,12.463715453208593,20.0,2.4927430906417185,4.0,29.279999999999998,1.0,0.374,0.374,,,False,21.80645854385031,21.80645854385031,21.60095854385031,21.97495854385031,22.18045854385031,7.305041456149688,7.099541456149687,303.3091510914001,294.7766833534092,21.97495854385031,7.305041456149688,303.3091510914001,7.099541456149687,294.7766833534092,Power x 25 @ exchange 0.2740 / contract 0.2658
143,Samosa,m,725.0,2026-07-22T17:34:57.811371Z,simcotools_market_prices,1.8250217501109076,111.9,111.9,3.0,108.54299999999999,359.1738016054685,20.0,71.8347603210937,4.0,696.0,2.0,0.374,0.748,,,False,542.9085619265621,542.9085619265621,539.5515619265622,540.2995619265622,543.6565619265622,155.7004380734378,152.34343807343782,284.15668598582045,278.03008797069816,540.2995619265622,155.7004380734378,284.15668598582045,152.34343807343782,278.03008797069816,Vegetables x 5 @ exchange 2.7500 / contract 2.6675; Vegetable oil x 1 @ exchange 37.7500 / contract 36.6175; Flour x 4 @ exchange 15.1000 / contract 14.6470
25,Tablets,L,785.0,2026-07-22T21:24:02.211906Z,simcotools_market_prices,11.479769531710765,689.25,689.25,3.0,668.5725,33.05815495264959,20.0,6.611630990529918,4.0,753.6,2.0,0.374,0.748,,,False,728.9197859431795,728.9197859431795,708.2422859431795,708.9902859431795,729.6677859431795,44.60971405682051,23.9322140568205,512.1092362478175,274.73630175586806,708.9902859431795,44.60971405682051,512.1092362478175,23.9322140568205,274.73630175586806,Processors x 2 @ exchange 115.0000 / contract 111.5500; Electronic components x 1 @ exchange 57.5000 / contract 55.7750; Batteries x 1 @ exchange 88.0000 / contract 85.3600; Displays x 2 @ exchange 125.0000 / contract 121.2500; Aluminium x 3 @ exchange 21.2500 / contract 20.6125
137,Dough,j,131.0,2026-07-22T21:27:12.773121Z,simcotools_market_prices,11.958002125986514,58.68,58.68,3.0,56.9196,37.50626528367501,20.0,7.501253056735003,4.0,125.75999999999999,1.0,0.374,0.374,,,False,103.68751834041001,103.68751834041001,101.92711834041003,102.30111834041003,104.06151834041,23.458881659589963,21.698481659589987,280.5213567586428,259.47048981605644,102.30111834041003,23.458881659589963,280.5213567586428,21.698481659589987,259.47048981605644,Flour x 2 @ exchange 15.1000 / contract 14.6470; Eggs x 1 @ exchange 1.2300 / contract 1.1931; Butter x 0.5 @ exchange 54.5000 / contract 52.8650
135,Sugar,k,20.25,2026-07-22T21:37:33.411891Z,simcotools_market_prices,41.32717031415876,1.787,1.787,3.0,1.7333899999999998,9.18282082018044,20.0,1.836564164036088,4.0,19.439999999999998,1.0,0.374,0.374,,,False,12.806384984216528,12.806384984216528,12.75277498421653,13.12677498421653,13.180384984216529,6.313225015783468,6.259615015783469,260.907725458891,258.69217585834895,13.12677498421653,6.313225015783468,260.907725458891,6.259615015783469,258.69217585834895,Sugarcane x 1 @ exchange 1.6500 / contract 1.6005; Power x 0.5 @ exchange 0.2740 / contract 0.2658
111,Construction units,g,2670.0,2026-07-22T21:39:58.951012Z,simcotools_market_prices,0.9857142857142858,1884.25,1884.25,3.0,1827.7224999999999,350.0,20.0,70.0,4.0,2563.2,0.0,0.374,0.0,,,False,2304.25,2304.25,2247.7225,2247.7225,2304.25,315.47749999999996,258.9499999999998,310.97067857142855,255.2507142857141,2247.7225,315.47749999999996,310.97067857142855,258.9499999999998,255.2507142857141,Bulldozer x 0.125 @ exchange 2230.0000 / contract 2163.1000; Diesel x 5 @ exchange 41.5000 / contract 40.2550; Windows x 4 @ exchange 108.0000 / contract 104.7600; Beams x 8 @ exchange 22.2500 / contract 21.5825; Tools x 4 @ exchange 197.0000 / contract 191.0900
14,Minerals,M,11.6,2026-07-22T21:35:04.190407Z,simcotools_market_prices,119.23290870972747,5.864000000000001,5.864000000000001,3.0,5.68808,2.3147971729174373,20.0,0.46295943458348743,4.0,11.136,1.0,0.374,0.374,,,False,8.641756607500925,8.641756607500925,8.465836607500924,8.839836607500924,9.015756607500926,2.296163392499075,2.1202433924990736,273.7782401604603,252.8027868602449,8.839836607500924,2.296163392499075,273.7782401604603,2.1202433924990736,252.8027868602449,Power x 20 @ exchange 0.2740 / contract 0.2658; Water x 1 @ exchange 0.3840 / contract 0.3725
79,High grade e-comps,L,895.0,2026-07-22T21:26:01.118963Z,simcotools_market_prices,1.8367631250737224,475.8375,475.8375,3.0,461.562375,206.61346845405993,20.0,41.32269369081198,4.0,859.1999999999999,1.0,0.374,0.374,,,False,723.7736621448719,723.7736621448719,709.4985371448719,709.8725371448719,724.1476621448719,149.32746285512803,135.05233785512803,274.2791773331152,248.05915412729715,709.8725371448719,149.32746285512803,274.2791773331152,135.05233785512803,248.05915412729715,Silicon x 4 @ exchange 7.8000 / contract 7.5660; Chemicals x 3 @ exchange 15.4000 / contract 14.9380; Golden bars x 0.0625 @ exchange 6375.0000 / contract 6183.7500
110,Tools,x,197.0,2026-07-22T21:39:26.264774Z,simcotools_market_prices,25.996059187770413,157.05,157.05,3.0,152.3385,18.57973920244121,20.0,3.715947840488242,4.0,189.12,1.0,0.374,0.374,,,False,179.34568704292946,179.34568704292946,174.63418704292945,175.00818704292945,179.71968704292945,14.111812957070555,9.400312957070554,366.85152487875155,244.37109201557124,175.00818704292945,14.111812957070555,366.85152487875155,9.400312957070554,244.37109201557124,Steel x 0.5 @ exchange 12.9000 / contract 12.5130; Planks x 0.5 @ exchange 10.2000 / contract 9.8940; Electronic components x 1 @ exchange 57.5000 / contract 55.7750; Batteries x 1 @ exchange 88.0000 / contract 85.3600
83,Rocket fuel,R,34.25,2026-07-22T21:33:13.657892Z,simcotools_market_prices,77.98817756331124,22.12,22.12,3.0,21.4564,6.193246400813736,20.0,1.2386492801627471,4.0,32.879999999999995,1.0,0.374,0.374,,,False,29.551895680976486,29.551895680976486,28.888295680976483,29.262295680976482,29.925895680976485,3.617704319023513,2.954104319023511,282.1381668035637,230.38521217255018,29.262295680976482,3.617704319023513,282.1381668035637,2.954104319023511,230.38521217255018,Methane x 1 @ exchange 20.7500 / contract 20.1275; Power x 5 @ exchange 0.2740 / contract 0.2658
7,Steak,e,48.75,2026-07-22T21:25:14.471916Z,simcotools_market_prices,25.669447221102292,18.125,18.125,3.0,17.58125,16.128122917257823,20.0,3.2256245834515647,4.0,46.8,1.0,0.374,0.374,,,False,37.47874750070939,37.47874750070939,36.934997500709386,37.30899750070939,37.85274750070939,9.491002499290609,8.947252499290606,243.62878773089022,229.6710258044158,37.30899750070939,9.491002499290609,243.62878773089022,8.947252499290606,229.6710258044158,Cows x 0.125 @ exchange 145.0000 / contract 140.6500
140,Chocolate,k,264.0,2026-07-22T21:36:55.217182Z,simcotools_market_prices,3.214335468879014,42.75,42.75,3.0,41.4675,118.06483911660567,20.0,23.61296782332113,4.0,253.44,1.0,0.374,0.374,,,False,184.4278069399268,184.4278069399268,183.1453069399268,183.5193069399268,184.8018069399268,69.9206930600732,68.6381930600732,224.74856371159603,220.62617847275868,183.5193069399268,69.9206930600732,224.74856371159603,68.6381930600732,220.62617847275868,Cocoa x 10 @ exchange 1.7500 / contract 1.6975; Milk x 0.5 @ exchange 10.0000 / contract 9.7000; Sugar x 1 @ exchange 20.2500 / contract 19.6425
130,Lasagna,m,2240.0,2026-07-22T17:34:24.351659Z,simcotools_market_prices,1.5643043572379207,1512.75,1512.75,3.0,1467.3674999999998,419.03610187304656,20.0,83.80722037460932,4.0,2150.4,2.0,0.374,0.748,,,False,2015.593322247656,2015.593322247656,1970.2108222476559,1970.958822247656,2016.341322247656,179.44117775234417,134.058677752344,280.7006162258962,209.70857373354605,1970.958822247656,179.44117775234417,280.7006162258962,134.058677752344,209.70857373354605,Steak x 1 @ exchange 48.7500 / contract 47.2875; Cheese x 0.5 @ exchange 133.0000 / contract 129.0100; Pasta x 1 @ exchange 57.5000 / contract 55.7750; Sauce x 1 @ exchange 1340.0000 / contract 1299.8000
21,Electronic components,L,57.5,2026-07-22T21:36:27.531286Z,simcotools_market_prices,41.32717031415876,38.8,38.8,3.0,37.636,9.18282082018044,20.0,1.836564164036088,4.0,55.199999999999996,1.0,0.374,0.374,,,False,49.819384984216526,49.819384984216526,48.65538498421653,49.029384984216534,50.19338498421653,6.170615015783461,5.006615015783467,255.01405770038852,206.90923145470796,49.029384984216534,6.170615015783461,255.01405770038852,5.006615015783467,206.90923145470796,Silicon x 3 @ exchange 7.8000 / contract 7.5660; Chemicals x 1 @ exchange 15.4000 / contract 14.9380
8,Sausages,e,12.4,2026-07-22T18:58:45.692174+00:00,simcompanies_market_listing,77.00834166330688,2.84375,2.84375,3.0,2.7584375,5.376040972419274,20.0,1.0752081944838547,4.0,11.904,0.1,0.374,0.0374,,,False,9.294999166903128,9.294999166903128,9.209686666903128,9.247086666903128,9.332399166903128,2.656913333096872,2.5716008330968716,204.6044897249194,198.0347155767685,9.247086666903128,2.656913333096872,204.6044897249194,2.5716008330968716,198.0347155767685,Pigs x 0.0625 @ exchange 45.5000 / contract 44.1350
109,Windows,x,108.0,2026-07-22T20:15:07.440941+00:00,simcompanies_market_listing,16.711752334995268,56.9,56.9,3.0,55.193,28.901816537130767,20.0,5.780363307426153,4.0,103.67999999999999,1.0,0.374,0.374,,,False,91.58217984455692,91.58217984455692,89.87517984455692,90.24917984455692,91.95617984455691,13.430820155443072,11.723820155443079,224.45254009362728,195.92557885779044,90.24917984455692,13.430820155443072,224.45254009362728,11.723820155443079,195.92557885779044,Aluminium x 2 @ exchange 21.2500 / contract 20.6125; Glass x 1 @ exchange 14.4000 / contract 13.9680
138,Sauce,m,1340.0,2026-07-22T17:32:44.411977Z,simcotools_market_prices,0.7821521786189604,32.942,32.942,3.0,31.953740000000003,838.0722037460931,20.0,167.61444074921863,4.0,1286.3999999999999,2.0,0.374,0.748,,,False,1038.6286444953118,1038.6286444953118,1037.6403844953118,1038.3883844953118,1039.376644495312,248.01161550468805,247.02335550468797,193.9828253897997,193.20985567775764,1038.3883844953118,248.01161550468805,193.9828253897997,247.02335550468797,193.20985567775764,Vegetables x 2 @ exchange 2.7500 / contract 2.6675; Butter x 0.5 @ exchange 54.5000 / contract 52.8650; Water x 0.5 @ exchange 0.3840 / contract 0.3725
134,Butter,k,54.5,2026-07-22T20:58:57.906146Z,simcotools_market_prices,13.775723438052918,5.0,5.0,3.0,4.85,27.548462460541323,20.0,5.509692492108265,4.0,52.32,1.0,0.374,0.374,,,False,38.05815495264959,38.05815495264959,37.90815495264959,38.28215495264959,38.43215495264959,14.037845047350409,13.88784504735041,193.3814710385401,191.31511252283218,38.28215495264959,14.037845047350409,193.3814710385401,13.88784504735041,191.31511252283218,Milk x 0.5 @ exchange 10.0000 / contract 9.7000
122,Cheese,k,133.0,2026-07-22T07:37:48.125839+00:00,simcompanies_market_listing,5.510289375221167,10.0,10.0,3.0,9.7,68.8711561513533,20.0,13.774231230270662,4.0,127.67999999999999,1.0,0.374,0.374,,,False,92.64538738162396,92.64538738162396,92.34538738162396,92.71938738162396,93.01938738162396,34.96061261837603,34.660612618376035,192.64309226226052,190.9900054496942,92.71938738162396,34.96061261837603,192.64309226226052,34.660612618376035,190.9900054496942,Milk x 1 @ exchange 10.0000 / contract 9.7000
148,Witch costume,T,36.25,2026-07-21T14:16:02.198867+00:00,simcompanies_market_listing,120.56143391429757,31.5,31.5,3.0,30.555,1.1446446472932532,20.0,0.22892892945865065,4.0,34.8,1.0,0.374,0.374,,Halloween,True,32.87357357675191,32.87357357675191,31.928573576751905,32.302573576751904,33.24757357675191,2.4974264232480934,1.552426423248086,301.09331068224554,187.16275563323347,32.302573576751904,2.4974264232480934,301.09331068224554,1.552426423248086,187.16275563323347,Fabric x 4 @ exchange 4.9000 / contract 4.7530; Plastic x 1 @ exchange 11.9000 / contract 11.5430
65,Sneakers,T,14.9,2026-07-22T21:28:38.950346Z,simcotools_market_prices,173.30706125180276,11.9,11.9,3.0,11.543,0.7962745372474804,20.0,0.1592549074494961,4.0,14.304,1.0,0.374,0.374,,,False,12.855529444696977,12.855529444696977,12.498529444696976,12.872529444696976,13.229529444696977,1.431470555303024,1.074470555303023,248.0839552080533,186.21333434115954,12.872529444696976,1.431470555303024,248.0839552080533,1.074470555303023,186.21333434115954,Plastic x 1 @ exchange 11.9000 / contract 11.5430
102,Bricks,o,2.75,2026-07-22T21:48:16.560465+00:00,simcompanies_market_listing,367.3526250147445,0.525,0.525,3.0,0.50925,1.0330673422702996,20.0,0.20661346845405995,4.0,2.6399999999999997,1.0,0.374,0.374,,,False,1.7646808107243594,1.7646808107243594,1.7489308107243595,2.1229308107243594,2.1386808107243596,0.5170691892756403,0.5013191892756401,189.94672399465222,184.16092015066994,2.1229308107243594,0.5170691892756403,189.94672399465222,0.5013191892756401,184.16092015066994,Clay x 0.5 @ exchange 1.0500 / contract 1.0185
117,Milk,F,10.0,2026-07-22T21:36:08.833672Z,simcotools_market_prices,120.56143391429757,6.367999999999999,6.367999999999999,3.0,6.176959999999999,1.1446446472932532,20.0,0.22892892945865065,4.0,9.6,1.0,0.374,0.374,,,False,7.741573576751903,7.741573576751903,7.550533576751903,7.9245335767519025,8.115573576751903,1.6754664232480971,1.484426423248097,201.99663446204997,178.96457812706257,7.9245335767519025,1.6754664232480971,201.99663446204997,1.484426423248097,178.96457812706257,Water x 2 @ exchange 0.3840 / contract 0.3725; Fodder x 0.5 @ exchange 11.2000 / contract 10.8640
1,Power,E,0.274,2026-07-22T21:39:57.125219Z,simcotools_market_prices,2566.944722110229,0.0,0.0,3.0,0.0,0.16128122917257823,20.0,0.03225624583451565,4.0,0.26304,0.0,0.374,0.0,,,False,0.19353747500709387,0.19353747500709387,0.19353747500709387,0.19353747500709387,0.19353747500709387,0.06950252499290613,0.06950252499290613,178.40913970387467,178.40913970387467,0.19353747500709387,0.06950252499290613,178.40913970387467,0.06950252499290613,178.40913970387467,
129,Hamburger,m,2290.0,2026-07-22T19:10:45.531162+00:00,simcompanies_market_listing,0.5214347857459736,361.625,361.625,3.0,350.77625,1257.1083056191399,20.0,251.421661123828,4.0,2198.4,2.0,0.374,0.748,,,False,1870.1549667429679,1870.1549667429679,1859.306216742968,1860.054216742968,1870.902966742968,338.34578325703205,327.4970332570322,176.42526100068412,170.76834536882257,1860.054216742968,338.34578325703205,176.42526100068412,327.4970332570322,170.76834536882257,Steak x 4 @ exchange 48.7500 / contract 47.2875; Vegetables x 3 @ exchange 2.7500 / contract 2.6675; Butter x 1 @ exchange 54.5000 / contract 52.8650; Bread x 0.5 @ exchange 170.0000 / contract 164.9000; Vegetable oil x 0.5 @ exchange 37.7500 / contract 36.6175
152,Ramadan sweets,k,226.0,2026-07-22T16:10:48.697541Z,simcotools_market_prices,5.051098593952736,94.7625,94.7625,3.0,91.91962499999998,75.13217034693088,20.0,15.026434069386175,4.0,216.95999999999998,1.0,0.374,0.374,,Ramadan,True,184.92110441631704,184.92110441631704,182.07822941631704,182.45222941631704,185.29510441631703,34.50777058368294,31.66489558368295,174.3021514756845,159.94250956040116,182.45222941631704,34.50777058368294,174.3021514756845,31.66489558368295,159.94250956040116,Flour x 2 @ exchange 15.1000 / contract 14.6470; Butter x 1 @ exchange 54.5000 / contract 52.8650; Sugar x 0.25 @ exchange 20.2500 / contract 19.6425; Milk x 0.5 @ exchange 10.0000 / contract 9.7000
82,Attitude control,8,1600.0,2026-07-22T21:18:19.674922Z,simcotools_market_prices,2.715785477787575,1156.7,1156.7,3.0,1121.999,266.7736483333053,20.0,53.35472966666106,4.0,1536.0,1.0,0.374,0.374,,,False,1476.8283779999665,1476.8283779999665,1442.1273779999665,1442.5013779999665,1477.2023779999665,93.49862200003349,58.79762200003347,253.92219982084086,159.68172795613415,1442.5013779999665,93.49862200003349,253.92219982084086,58.79762200003347,159.68172795613415,Steel x 3 @ exchange 12.9000 / contract 12.5130; Batteries x 5 @ exchange 88.0000 / contract 85.3600; Electric motor x 3 @ exchange 226.0000 / contract 219.2200
44,Sand,Q,1.32,2026-07-22T21:39:38.468389+00:00,simcompanies_market_listing,1419.4393894015175,0.548,0.548,3.0,0.53156,0.1944429625250647,20.0,0.03888859250501295,4.0,1.2672,1.0,0.374,0.374,,,False,0.7813315550300778,0.7813315550300778,0.7648915550300778,1.1388915550300778,1.1553315550300778,0.12830844496992233,0.11186844496992232,182.12606078316475,158.7904772214038,1.1388915550300778,0.12830844496992233,182.12606078316475,0.11186844496992232,158.7904772214038,Power x 2 @ exchange 0.2740 / contract 0.2658
45,Glass,Y,14.4,2026-07-22T21:48:36.158716+00:00,simcompanies_market_listing,128.34723610551146,8.347999999999999,8.347999999999999,3.0,8.09756,3.2256245834515647,20.0,0.6451249166903129,4.0,13.824,1.0,0.374,0.374,,,False,12.218749500141875,12.218749500141875,11.968309500141876,12.342309500141877,12.592749500141876,1.4816904998581233,1.231250499858124,190.17088042058384,158.02759861031964,12.342309500141877,1.4816904998581233,190.17088042058384,1.231250499858124,158.02759861031964,Power x 2 @ exchange 0.2740 / contract 0.2658; Silicon x 1 @ exchange 7.8000 / contract 7.5660
74,Methane,O,20.75,2026-07-22T21:20:31.432194Z,simcotools_market_prices,55.36069902994857,5.48,5.48,3.0,5.3156,9.347786589906445,20.0,1.869557317981289,4.0,19.919999999999998,1.0,0.374,0.374,,,False,16.697343907887735,16.697343907887735,16.532943907887734,16.906943907887733,17.071343907887734,3.013056092112265,2.8486560921122646,166.8048914757801,157.70359255525653,16.906943907887733,3.013056092112265,166.8048914757801,2.8486560921122646,157.70359255525653,Power x 20 @ exchange 0.2740 / contract 0.2658
26,Laptops,L,1210.0,2026-07-22T21:32:32.045808Z,simcotools_market_prices,9.183815625368613,1094.2,1094.2,3.0,1061.3739999999998,41.32269369081198,20.0,8.264538738162395,4.0,1161.6,2.0,0.374,0.748,,,False,1143.7872324289744,1143.7872324289744,1110.9612324289742,1111.7092324289742,1144.5352324289745,49.89076757102566,17.064767571025413,458.18761078041916,156.71967906206677,1111.7092324289742,49.89076757102566,458.18761078041916,17.064767571025413,156.71967906206677,Processors x 4 @ exchange 115.0000 / contract 111.5500; Electronic components x 3 @ exchange 57.5000 / contract 55.7750; Batteries x 2 @ exchange 88.0000 / contract 85.3600; Displays x 2 @ exchange 125.0000 / contract 121.2500; Plastic x 3 @ exchange 11.9000 / contract 11.5430
23,Displays,L,125.0,2026-07-22T21:36:56.336858Z,simcotools_market_prices,32.14335468879014,100.6,100.6,3.0,97.582,11.806483911660568,20.0,2.361296782332113,4.0,120.0,1.0,0.374,0.374,,,False,114.76778069399268,114.76778069399268,111.74978069399268,112.12378069399267,115.14178069399267,7.876219306007329,4.858219306007328,253.16811075969008,156.15946630892142,112.12378069399267,7.876219306007329,253.16811075969008,4.858219306007328,156.15946630892142,Silicon x 5 @ exchange 7.8000 / contract 7.5660; Chemicals x 4 @ exchange 15.4000 / contract 14.9380
19,Plastic,R,11.9,2026-07-22T21:35:49.736465Z,simcotools_market_prices,204.25475076105326,7.470000000000001,7.470000000000001,3.0,7.245900000000001,2.3646940803106995,20.0,0.4729388160621399,4.0,11.424,1.0,0.374,0.374,,,False,10.30763289637284,10.30763289637284,10.08353289637284,10.457532896372841,10.681632896372841,0.9664671036271582,0.7423671036271582,197.40549737012222,151.6320077245702,10.457532896372841,0.9664671036271582,197.40549737012222,0.7423671036271582,151.6320077245702,Power x 5 @ exchange 0.2740 / contract 0.2658; Crude oil x 0.2 @ exchange 30.5000 / contract 29.5850
50,Basic interior,1,334.0,2026-07-22T21:36:08.196019Z,simcotools_market_prices,31.88800566929737,298.3,298.3,3.0,289.351,14.06484948137813,20.0,2.812969896275626,4.0,320.64,2.0,0.374,0.748,,,False,315.17781937765375,315.17781937765375,306.22881937765374,306.9768193776537,315.92581937765374,13.66318062234626,4.714180622346248,435.6915811460115,150.32581841146896,306.9768193776537,13.66318062234626,435.6915811460115,4.714180622346248,150.32581841146896,Displays x 2 @ exchange 125.0000 / contract 121.2500; Plastic x 2 @ exchange 11.9000 / contract 11.5430; Fabric x 5 @ exchange 4.9000 / contract 4.7530
132,Cocktails,m,2360.0,2026-07-22T17:49:47.506252Z,simcotools_market_prices,0.5214347857459736,484.25,484.25,3.0,469.72249999999997,1257.1083056191399,20.0,251.421661123828,4.0,2265.6,2.0,0.374,0.748,,,False,1992.7799667429679,1992.7799667429679,1978.252466742968,1979.000466742968,1993.527966742968,286.5995332570319,272.072033257032,149.44296621877646,141.86782236885188,1979.000466742968,286.5995332570319,149.44296621877646,272.072033257032,141.86782236885188,Orange juice x 1 @ exchange 38.7500 / contract 37.5875; Apple cider x 1 @ exchange 27.5000 / contract 26.6750; Ginger beer x 2 @ exchange 57.0000 / contract 55.2900; Coffee powder x 8 @ exchange 38.0000 / contract 36.8600
75,Carbon fibers,R,6.4,2026-07-22T21:32:26.136059Z,simcotools_market_prices,245.10570091326392,3.1870000000000003,3.1870000000000003,3.0,3.0913900000000005,1.970578400258916,20.0,0.39411568005178316,4.0,6.144,0.1,0.374,0.0374,,,False,5.5516940803107,5.5516940803107,5.456084080310699,5.493484080310699,5.5890940803107,0.6505159196893011,0.5549059196893005,159.44516045068264,136.01060438636532,5.493484080310699,0.6505159196893011,159.44516045068264,0.5549059196893005,136.01060438636532,Crude oil x 0.1 @ exchange 30.5000 / contract 29.5850; Power x 0.5 @ exchange 0.2740 / contract 0.2658
107,Beams,x,22.25,2026-07-22T21:36:05.790621Z,simcotools_market_prices,129.98029593885207,13.996,13.996,3.0,13.57612,3.715947840488242,20.0,0.7431895680976485,4.0,21.36,5.0,0.374,1.87,,,False,18.45513740858589,18.45513740858589,18.03525740858589,19.90525740858589,20.325137408585892,1.45474259141411,1.0348625914141074,189.0878725468586,134.51174588805304,19.90525740858589,1.45474259141411,189.0878725468586,1.0348625914141074,134.51174588805304,Steel x 1 @ exchange 12.9000 / contract 12.5130; Power x 4 @ exchange 0.2740 / contract 0.2658
61,Gloves,T,19.7,2026-07-22T21:31:14.255415Z,simcotools_market_prices,143.16670277322837,16.45,16.45,3.0,15.9565,0.9639112819311606,20.0,0.19278225638623211,4.0,18.912,1.0,0.374,0.374,,,False,17.60669353831739,17.60669353831739,17.11319353831739,17.48719353831739,17.98069353831739,1.4248064616826106,0.9313064616826097,203.9848432090895,133.33207539050116,17.48719353831739,1.4248064616826106,203.9848432090895,0.9313064616826097,133.33207539050116,Fabric x 0.5 @ exchange 4.9000 / contract 4.7530; Leather x 0.5 @ exchange 28.0000 / contract 27.1600
20,Processors,L,115.0,2026-07-22T21:36:09.724291Z,simcotools_market_prices,9.183815625368613,46.6,46.6,3.0,45.202,41.32269369081198,20.0,8.264538738162395,4.0,110.39999999999999,1.0,0.374,0.374,,,False,96.18723242897438,96.18723242897438,94.78923242897437,95.16323242897437,96.56123242897438,15.236767571025624,13.838767571025613,139.93166409889488,127.09268985462947,95.16323242897437,15.236767571025624,139.93166409889488,13.838767571025613,127.09268985462947,Silicon x 4 @ exchange 7.8000 / contract 7.5660; Chemicals x 1 @ exchange 15.4000 / contract 14.9380
105,Limestone,Q,1.56,2026-07-22T21:30:41.394695Z,simcotools_market_prices,794.8860580648499,0.548,0.548,3.0,0.53156,0.34721957593761554,20.0,0.0694439151875231,4.0,1.4976,1.0,0.374,0.374,,,False,0.9646634911251387,0.9646634911251387,0.9482234911251387,1.3222234911251387,1.3386634911251387,0.17537650887486134,0.15893650887486133,139.4043418167137,126.33641502212754,1.3222234911251387,0.17537650887486134,139.4043418167137,0.15893650887486133,126.33641502212754,Power x 2 @ exchange 0.2740 / contract 0.2658
123,Apple pie,j,298.0,2026-07-22T21:25:12.897292+00:00,simcompanies_market_listing,5.979001062993257,176.4,176.4,3.0,171.10799999999998,75.01253056735003,20.0,15.002506113470005,4.0,286.08,2.0,0.374,0.748,,,False,266.41503668082004,266.41503668082004,261.12303668082,261.87103668082,267.16303668082,24.208963319179986,18.916963319179956,144.74541741934192,113.1045437939814,261.87103668082,24.208963319179986,144.74541741934192,18.916963319179956,113.1045437939814,Dough x 1 @ exchange 131.0000 / contract 127.0700; Apples x 2 @ exchange 2.4500 / contract 2.3765; Sugar x 2 @ exchange 20.2500 / contract 19.6425
22,Batteries,L,88.0,2026-07-22T21:33:56.353884Z,simcotools_market_prices,25.255492969763683,61.6,61.6,3.0,59.752,15.026434069386175,20.0,3.0052868138772353,4.0,84.47999999999999,1.0,0.374,0.374,,,False,79.63172088326341,79.63172088326341,77.78372088326341,78.15772088326341,80.00572088326341,6.322279116736581,4.474279116736582,159.67227578562446,113.00012477750121,78.15772088326341,6.322279116736581,159.67227578562446,4.474279116736582,113.00012477750121,Chemicals x 4 @ exchange 15.4000 / contract 14.9380
144,Xmas ornament,Y,17.0,2026-07-22T18:30:34.989189Z,simcotools_market_prices,179.68613054771603,12.75625,12.75625,3.0,12.3735625,2.3040175596082606,20.0,0.4608035119216521,4.0,16.32,0.5,0.374,0.187,,Xmas,True,15.521071071529912,15.521071071529912,15.138383571529912,15.325383571529912,15.708071071529911,0.9946164284700885,0.6119289284700891,178.71877741097938,109.9551413270004,15.325383571529912,0.9946164284700885,178.71877741097938,0.6119289284700891,109.9551413270004,Glass x 0.5 @ exchange 14.4000 / contract 13.9680; Minerals x 0.25 @ exchange 11.6000 / contract 11.2520; Aluminium x 0.125 @ exchange 21.2500 / contract 20.6125
86,Rocket engine,D,11100.0,2026-07-22T21:22:56.870859Z,simcotools_market_prices,0.27983233676772773,7630.5,7630.5,3.0,7401.585,2219.1859853404126,20.0,443.83719706808256,4.0,10656.0,1.0,0.374,0.374,,,False,10293.523182408495,10293.523182408495,10064.608182408494,10064.982182408494,10293.897182408495,591.0178175915062,362.1028175915053,165.38589696799383,101.3280775968092,10064.982182408494,591.0178175915062,165.38589696799383,362.1028175915053,101.3280775968092,Steel x 20 @ exchange 12.9000 / contract 12.5130; High grade e-comps x 8 @ exchange 895.0000 / contract 868.1500; Aluminium x 10 @ exchange 21.2500 / contract 20.6125
13,Transport,S,0.374,2026-07-22T21:39:49.445757Z,simcotools_market_prices,3173.9508697581,0.21024,0.21024,3.0,0.20393279999999997,0.0978276012267526,20.0,0.01956552024535052,4.0,0.35903999999999997,0.0,0.374,0.0,,,False,0.3276331214721031,0.3276331214721031,0.3213259214721031,0.3213259214721031,0.3276331214721031,0.03771407852789688,0.031406878527896864,119.70263234574358,99.68388942000524,0.3213259214721031,0.03771407852789688,119.70263234574358,0.031406878527896864,99.68388942000524,Diesel x 0.005 @ exchange 41.5000 / contract 40.2550; Power x 0.01 @ exchange 0.2740 / contract 0.2658
2,Water,W,0.384,2026-07-22T21:39:56.061719Z,simcotools_market_prices,1626.4285714285716,0.05480000000000001,0.05480000000000001,3.0,0.05315600000000001,0.2121212121212121,20.0,0.04242424242424242,4.0,0.36863999999999997,0.0,0.374,0.0,,,False,0.30934545454545453,0.30934545454545453,0.30770145454545456,0.30770145454545456,0.30934545454545453,0.06093854545454541,0.05929454545454543,99.11219142857136,96.43834285714283,0.30770145454545456,0.06093854545454541,99.11219142857136,0.05929454545454543,96.43834285714283,Power x 0.2 @ exchange 0.2740 / contract 0.2658
17,Chemicals,Y,15.4,2026-07-22T21:37:59.991601Z,simcotools_market_prices,213.91206017585242,11.6548,11.6548,3.0,11.305155999999998,1.9353747500709388,20.0,0.3870749500141878,4.0,14.783999999999999,1.0,0.374,0.374,,,False,13.977249700085126,13.977249700085126,13.627605700085125,14.001605700085126,14.351249700085127,0.7823942999148734,0.432750299914872,167.36357656463431,92.57050819650829,14.001605700085126,0.7823942999148734,167.36357656463431,0.432750299914872,92.57050819650829,Power x 0.2 @ exchange 0.2740 / contract 0.2658; Minerals x 1 @ exchange 11.6000 / contract 11.2520
126,Ginger beer,6,57.0,2026-07-22T21:45:35.916366+00:00,simcompanies_market_listing,73.12838537256573,49.134,49.134,3.0,47.65998,3.302411215147644,20.0,0.6604822430295287,4.0,54.72,1.0,0.374,0.374,,,False,53.09689345817717,53.09689345817717,51.62287345817717,51.99687345817717,53.47089345817717,2.723126541822829,1.249106541822826,199.13784716868207,91.34514456181252,51.99687345817717,2.723126541822829,199.13784716868207,1.249106541822826,91.34514456181252,Water x 1 @ exchange 0.3840 / contract 0.3725; Vegetables x 3 @ exchange 2.7500 / contract 2.6675; Sugar x 2 @ exchange 20.2500 / contract 19.6425
41,Fabric,T,4.9,2026-07-22T21:36:57.240133Z,simcotools_market_prices,241.12286782859513,3.454,3.454,3.0,3.35038,0.5723223236466266,20.0,0.11446446472932532,4.0,4.704,0.5,0.374,0.187,,,False,4.1407867883759515,4.1407867883759515,4.037166788375952,4.224166788375952,4.327786788375952,0.47983321162404735,0.37621321162404797,115.69876006619549,90.71360850179661,4.224166788375952,0.47983321162404735,115.69876006619549,0.37621321162404797,90.71360850179661,Cotton x 2 @ exchange 1.5900 / contract 1.5423; Power x 1 @ exchange 0.2740 / contract 0.2658
46,Leather,F,28.0,2026-07-22T21:18:46.243966Z,simcotools_market_prices,30.14035847857439,18.125,18.125,3.0,17.58125,4.578578589173013,20.0,0.9157157178346026,4.0,26.88,1.0,0.374,0.374,,,False,23.619294307007614,23.619294307007614,23.075544307007615,23.449544307007613,23.993294307007613,3.4304556929923855,2.886705692992386,103.39516433165684,87.00634440893204,23.449544307007613,3.4304556929923855,103.39516433165684,2.886705692992386,87.00634440893204,Cows x 0.125 @ exchange 145.0000 / contract 140.6500
76,Carbon composite,Y,62.5,2026-07-22T21:32:05.233717Z,simcotools_market_prices,68.45185925627278,51.2,51.2,3.0,49.664,6.048046093971683,20.0,1.2096092187943368,4.0,60.0,1.0,0.374,0.374,,,False,58.45765531276602,58.45765531276602,56.92165531276602,57.29565531276602,58.831655312766024,2.704344687233977,1.1683446872339758,185.11742191098924,79.97536609335415,57.29565531276602,2.704344687233977,185.11742191098924,1.1683446872339758,79.97536609335415,Carbon fibers x 8 @ exchange 6.4000 / contract 6.2080
142,Salad,m,905.0,2026-07-22T17:34:37.963762Z,simcotools_market_prices,1.5017321829484038,298.625,298.625,3.0,289.66625,436.4959394510902,20.0,87.29918789021804,4.0,868.8,2.0,0.374,0.748,,,False,822.4201273413082,822.4201273413082,813.4613773413082,814.2093773413083,823.1681273413083,54.5906226586917,45.63187265869169,81.98049493374968,68.52685173976066,814.2093773413083,54.5906226586917,81.98049493374968,45.63187265869169,68.52685173976066,Vegetables x 5 @ exchange 2.7500 / contract 2.6675; Vegetable oil x 0.5 @ exchange 37.7500 / contract 36.6175; Cheese x 2 @ exchange 133.0000 / contract 129.0100
9,Eggs,F,1.23,2026-07-22T21:36:32.865684Z,simcotools_market_prices,389.2627297507883,0.5436000000000001,0.5436000000000001,3.0,0.527292,0.3545163444965554,20.0,0.07090326889931108,4.0,1.1807999999999998,0.1,0.374,0.0374,,,False,0.9690196133958665,0.9690196133958665,0.9527116133958665,0.9901116133958665,1.0064196133958665,0.19068838660413334,0.17438038660413335,74.2278819012986,67.87978530452274,0.9901116133958665,0.19068838660413334,74.2278819012986,0.17438038660413335,67.87978530452274,Water x 0.4 @ exchange 0.3840 / contract 0.3725; Grain x 0.5 @ exchange 0.7800 / contract 0.7566
16,Silicon,Y,7.8,2026-07-22T21:36:16.013465Z,simcotools_market_prices,154.01668332661376,3.462,3.462,3.0,3.35814,2.688020486209637,20.0,0.5376040972419274,4.0,7.4879999999999995,1.0,0.374,0.374,,,False,6.687624583451565,6.687624583451565,6.583764583451564,6.957764583451564,7.0616245834515645,0.530235416548436,0.426375416548435,81.6651002390956,65.66892750879335,6.957764583451564,0.530235416548436,81.6651002390956,0.426375416548435,65.66892750879335,Power x 3 @ exchange 0.2740 / contract 0.2658; Sand x 2 @ exchange 1.3200 / contract 1.2804
66,Seeds,P,0.297,2026-07-22T21:39:28.832712Z,simcotools_market_prices,889.6291436724266,0.038400000000000004,0.038400000000000004,3.0,0.037247999999999996,0.1163406130927182,20.0,0.023268122618543642,4.0,0.28512,0.1,0.374,0.0374,,,False,0.17800873571126183,0.17800873571126183,0.17685673571126184,0.21425673571126186,0.21540873571126185,0.07086326428873813,0.06971126428873814,63.042025127022946,62.01717235351232,0.21425673571126186,0.07086326428873813,63.042025127022946,0.06971126428873814,62.01717235351232,Water x 0.1 @ exchange 0.3840 / contract 0.3725
119,Coffee powder,i,38.0,2026-07-22T21:48:10.945492+00:00,simcompanies_market_listing,17.678845078834577,7.1,7.1,3.0,6.887,21.466334384837396,20.0,4.293266876967479,4.0,36.48,1.0,0.374,0.374,,,False,32.859601261804876,32.859601261804876,32.646601261804875,33.02060126180488,33.23360126180488,3.4593987381951194,3.2463987381951185,61.158174358467335,57.39258035667555,33.02060126180488,3.4593987381951194,61.158174358467335,3.2463987381951185,57.39258035667555,Coffee beans x 10 @ exchange 0.7100 / contract 0.6887
104,Clay,Q,1.05,2026-07-22T21:36:10.396807Z,simcotools_market_prices,1078.7739359451534,0.274,0.274,3.0,0.26578,0.25584600332245355,20.0,0.051169200664490704,4.0,1.008,1.0,0.374,0.374,,,False,0.5810152039869443,0.5810152039869443,0.5727952039869443,0.9467952039869443,0.9550152039869443,0.06120479601305573,0.052984796013055724,66.02613869372436,57.15861694025519,0.9467952039869443,0.06120479601305573,66.02613869372436,0.052984796013055724,57.15861694025519,Power x 1 @ exchange 0.2740 / contract 0.2658
108,Planks,x,10.2,2026-07-22T21:39:58.743519Z,simcotools_market_prices,85.19279968106476,1.95,1.95,3.0,1.8915,5.669493217832976,20.0,1.1338986435665952,4.0,9.792,1.0,0.374,0.374,,,False,8.753391861399571,8.753391861399571,8.69489186139957,9.068891861399571,9.127391861399571,0.7231081386004288,0.6646081386004283,61.603606799533935,56.61982801819161,9.068891861399571,0.7231081386004288,61.603606799533935,0.6646081386004283,56.61982801819161,Wood x 0.5 @ exchange 3.9000 / contract 3.7830
6,Grain,P,0.78,2026-07-22T21:36:24.874021Z,simcotools_market_prices,808.7537669749333,0.489,0.489,3.0,0.4743299999999999,0.12797467440199,20.0,0.025594934880398004,4.0,0.7488,0.1,0.374,0.0374,,,False,0.6425696092823879,0.6425696092823879,0.627899609282388,0.665299609282388,0.6799696092823879,0.08350039071761206,0.0688303907176121,67.53125553674751,55.66683777522527,0.665299609282388,0.08350039071761206,67.53125553674751,0.0688303907176121,55.66683777522527,Water x 0.5 @ exchange 0.3840 / contract 0.3725; Seeds x 1 @ exchange 0.2970 / contract 0.2881
52,Combustion engine,D,610.0,2026-07-22T21:24:22.656235+00:00,simcompanies_market_listing,5.596646735354555,441.9,441.9,3.0,428.64300000000003,110.95929926702063,20.0,22.191859853404125,4.0,585.6,2.0,0.374,0.748,,,False,575.0511591204247,575.0511591204247,561.7941591204248,562.5421591204248,575.7991591204247,23.057840879575224,9.800840879575276,129.04658988299948,54.85184411240443,562.5421591204248,23.057840879575224,129.04658988299948,9.800840879575276,54.85184411240443,Steel x 6 @ exchange 12.9000 / contract 12.5130; Chemicals x 5 @ exchange 15.4000 / contract 14.9380; Electronic components x 5 @ exchange 57.5000 / contract 55.7750
40,Cotton,P,1.59,2026-07-22T21:39:23.909103Z,simcotools_market_prices,258.80120543197864,0.681,0.681,3.0,0.6605699999999999,0.39992085750621886,20.0,0.07998417150124376,4.0,1.5264,0.5,0.374,0.187,,,False,1.1609050290074625,1.1609050290074625,1.1404750290074623,1.3274750290074624,1.3479050290074626,0.1989249709925376,0.17849497099253742,51.482022283390116,46.19471365641474,1.3274750290074624,0.1989249709925376,51.482022283390116,0.17849497099253742,46.19471365641474,Water x 1 @ exchange 0.3840 / contract 0.3725; Seeds x 1 @ exchange 0.2970 / contract 0.2881
136,Cocoa,P,1.75,2026-07-22T21:31:17.762751Z,simcotools_market_prices,169.83829106473598,0.681,0.681,3.0,0.6605699999999999,0.6094032114380478,20.0,0.12188064228760956,4.0,1.68,0.1,0.374,0.0374,,,False,1.4122838537256575,1.4122838537256575,1.3918538537256573,1.4292538537256574,1.4496838537256576,0.25074614627434255,0.23031614627434238,42.586296974302655,39.11650068785007,1.4292538537256574,0.25074614627434255,42.586296974302655,0.23031614627434238,39.11650068785007,Water x 1 @ exchange 0.3840 / contract 0.3725; Seeds x 1 @ exchange 0.2970 / contract 0.2881
73,Ethanol,6,28.75,2026-07-22T21:38:13.411907+00:00,simcompanies_market_listing,60.94032114380477,21.98,21.98,3.0,21.3206,3.9628934581771724,20.0,0.7925786916354345,4.0,27.599999999999998,1.0,0.374,0.374,,,False,26.735472149812608,26.735472149812608,26.076072149812607,26.450072149812605,27.109472149812607,1.1499278501873924,0.49052785018739087,70.07697248262471,29.892924720399755,26.450072149812605,1.1499278501873924,70.07697248262471,0.49052785018739087,29.892924720399755,Power x 20 @ exchange 0.2740 / contract 0.2658; Sugarcane x 10 @ exchange 1.6500 / contract 1.6005
12,Diesel,R,41.5,2026-07-22T21:37:30.462186Z,simcotools_market_prices,115.12540497441184,34.1725,34.1725,3.0,33.147324999999995,4.195424981196402,20.0,0.8390849962392806,4.0,39.839999999999996,1.0,0.374,0.374,,,False,39.20700997743568,39.20700997743568,38.18183497743568,38.55583497743568,39.581009977435684,1.2841650225643164,0.25899002256431203,147.84001827669164,29.81633123204848,38.55583497743568,1.2841650225643164,147.84001827669164,0.25899002256431203,29.81633123204848,Power x 15 @ exchange 0.2740 / contract 0.2658; Crude oil x 0.75 @ exchange 30.5000 / contract 29.5850; Ethanol x 0.25 @ exchange 28.7500 / contract 27.8875
89,Jet engine,D,4800.0,2026-07-22T14:10:46.617004+00:00,simcompanies_market_listing,0.8394970103031831,3686.25,3686.25,3.0,3575.6625,739.7286617801376,20.0,147.94573235602752,4.0,4608.0,1.0,0.374,0.374,,,False,4573.924394136165,4573.924394136165,4463.336894136165,4463.710894136165,4574.2983941361645,144.28910586383518,33.70160586383554,121.13027299200913,28.29239736510616,4463.710894136165,144.28910586383518,121.13027299200913,33.70160586383554,28.29239736510616,High grade e-comps x 4 @ exchange 895.0000 / contract 868.1500; Aluminium x 5 @ exchange 21.2500 / contract 20.6125
56,Luxury car,1,4340.0,2026-07-22T19:40:43.036762Z,simcotools_market_prices,1.9930003543310857,3882.0,3882.0,3.0,3765.54,225.0375917020501,20.0,45.007518340410016,4.0,4166.4,5.0,0.374,1.87,,,False,4152.04511004246,4152.04511004246,4035.58511004246,4037.45511004246,4153.91511004246,128.94488995753954,12.484889957539963,256.98721137455914,24.882390109161758,4037.45511004246,128.94488995753954,256.98721137455914,12.484889957539963,24.882390109161758,Combustion engine x 2 @ exchange 610.0000 / contract 591.7000; Luxury car interior x 1 @ exchange 955.0000 / contract 926.3500; Car body x 1 @ exchange 815.0000 / contract 790.5500; On-board computer x 2 @ exchange 446.0000 / contract 432.6200
5,Grapes,P,3.25,2026-07-22T21:46:15.537889+00:00,simcompanies_market_listing,161.75075339498665,1.833,1.833,3.0,1.7780099999999999,0.6398733720099502,20.0,0.12797467440199004,4.0,3.12,1.0,0.374,0.374,,,False,2.60084804641194,2.60084804641194,2.54585804641194,2.91985804641194,2.9748480464119402,0.20014195358805997,0.14515195358805988,32.373111778813154,23.47843784962282,2.91985804641194,0.20014195358805997,32.373111778813154,0.14515195358805988,23.47843784962282,Water x 4 @ exchange 0.3840 / contract 0.3725; Seeds x 1 @ exchange 0.2970 / contract 0.2881
43,Steel,Y,12.9,2026-07-22T20:18:11.896006+00:00,simcompanies_market_listing,192.52085415826718,9.31,9.31,3.0,9.0307,2.15041638896771,20.0,0.43008327779354194,4.0,12.384,1.0,0.374,0.374,,,False,11.890499666761253,11.890499666761253,11.611199666761252,11.985199666761252,12.264499666761253,0.3988003332387482,0.1195003332387472,76.7773807937254,23.00630622732118,11.985199666761252,0.3988003332387482,76.7773807937254,0.1195003332387472,23.00630622732118,Power x 5 @ exchange 0.2740 / contract 0.2658; Iron ore x 1 @ exchange 6.4000 / contract 6.2080; Chemicals x 0.1 @ exchange 15.4000 / contract 14.9380
63,Stiletto Heel,T,34.0,2026-07-22T21:29:22.666118Z,simcotools_market_prices,97.95616505536677,30.38,30.38,3.0,29.4686,1.4087934120532348,20.0,0.281758682410647,4.0,32.64,1.0,0.374,0.374,,,False,32.07055209446388,32.07055209446388,31.15915209446388,31.53315209446388,32.44455209446388,1.106847905536121,0.19544790553612046,108.42257612588327,19.145327294421946,31.53315209446388,1.106847905536121,108.42257612588327,0.19544790553612046,19.145327294421946,Leather x 1 @ exchange 28.0000 / contract 27.1600; Plastic x 0.2 @ exchange 11.9000 / contract 11.5430
4,Oranges,P,2.7,2026-07-22T21:05:38.897094+00:00,simcompanies_market_listing,186.01336640423466,1.449,1.449,3.0,1.40553,0.5564116278347392,20.0,0.11128232556694784,4.0,2.592,1.0,0.374,0.374,,,False,2.116693953401687,2.116693953401687,2.073223953401687,2.447223953401687,2.490693953401687,0.144776046598313,0.10130604659831288,26.93027980244855,18.844278764856444,2.447223953401687,0.144776046598313,26.93027980244855,0.10130604659831288,18.844278764856444,Water x 3 @ exchange 0.3840 / contract 0.3725; Seeds x 1 @ exchange 0.2970 / contract 0.2881
85,Solid fuel booster,D,7850.0,2026-07-22T14:12:13.899093+00:00,simcompanies_market_listing,0.27983233676772773,4832.5,4832.5,3.0,4687.525,2219.1859853404126,20.0,443.83719706808256,4.0,7536.0,1.0,0.374,0.374,,,False,7495.523182408496,7495.523182408496,7350.548182408495,7350.922182408495,7495.897182408496,185.07781759150475,40.10281759150439,51.79075818050204,11.222065157600612,7350.922182408495,185.07781759150475,51.79075818050204,40.10281759150439,11.222065157600612,Aluminium x 30 @ exchange 21.2500 / contract 20.6125; Rocket fuel x 100 @ exchange 34.2500 / contract 33.2225; Chemicals x 50 @ exchange 15.4000 / contract 14.9380
67,Xmas crackers,Y,11.8,2026-07-22T17:58:49.696882Z,simcotools_market_prices,222.46854258288653,8.89,8.89,3.0,8.6233,1.860937259683595,20.0,0.372187451936719,4.0,11.328,0.5,0.374,0.187,,Xmas,True,11.123124711620315,11.123124711620315,10.856424711620315,11.043424711620315,11.310124711620315,0.2845752883796848,0.017875288379684662,63.30904966093313,3.976689354077254,11.043424711620315,0.2845752883796848,63.30904966093313,0.017875288379684662,3.976689354077254,Chemicals x 0.5 @ exchange 15.4000 / contract 14.9380; Plastic x 0.1 @ exchange 11.9000 / contract 11.5430
127,Frozen pizza,k,482.0,2026-07-22T19:34:40.394809Z,simcotools_market_prices,9.183815625368613,412.9,412.9,3.0,400.513,41.32269369081198,20.0,8.264538738162395,4.0,462.71999999999997,1.0,0.374,0.374,,,False,462.4872324289744,462.4872324289744,450.1002324289744,450.4742324289744,462.8612324289744,12.245767571025567,-0.14123242897443333,112.46287156341685,-1.2970525880241637,450.4742324289744,12.245767571025567,112.46287156341685,-0.14123242897443333,-1.2970525880241637,Dough x 2 @ exchange 131.0000 / contract 127.0700; Vegetables x 2 @ exchange 2.7500 / contract 2.6675; Cheese x 1 @ exchange 133.0000 / contract 129.0100; Sausages x 1 @ exchange 12.4000 / contract 12.0280
18,Aluminium,Y,21.25,2026-07-22T21:28:53.188922Z,simcotools_market_prices,119.79075369847736,15.91,15.91,3.0,15.4327,3.4560263394123907,20.0,0.6912052678824782,4.0,20.4,1.0,0.374,0.374,,,False,20.057231607294867,20.057231607294867,19.579931607294867,19.953931607294866,20.431231607294865,0.44606839270513277,-0.031231607294866848,53.43486896321623,-3.7412577770669633,19.953931607294866,0.44606839270513277,53.43486896321623,-0.031231607294866848,-3.7412577770669633,Power x 15 @ exchange 0.2740 / contract 0.2658; Bauxite x 1 @ exchange 11.8000 / contract 11.4460
106,Wood,P,3.9,2026-07-22T21:37:27.930131Z,simcotools_market_prices,76.83160786261867,1.833,1.833,3.0,1.7780099999999999,1.3471018358104212,20.0,0.26942036716208423,4.0,3.7439999999999998,1.0,0.374,0.374,,,False,3.4495222029725054,3.4495222029725054,3.3945322029725054,3.7685322029725055,3.8235222029725056,-0.02453220297250569,-0.07952220297250578,-1.8848485987897252,-6.109818715155133,3.7685322029725055,-0.02453220297250569,-1.8848485987897252,-0.07952220297250578,-6.109818715155133,Water x 4 @ exchange 0.3840 / contract 0.3725; Seeds x 1 @ exchange 0.2970 / contract 0.2881
124,Orange juice,6,38.75,2026-07-22T21:00:01.002057Z,simcotools_market_prices,91.41048171570716,33.75,33.75,3.0,32.7375,2.641928972118115,20.0,0.528385794423623,4.0,37.199999999999996,1.0,0.374,0.374,,,False,36.920314766541736,36.920314766541736,35.90781476654173,36.281814766541736,37.29431476654174,0.9181852334582601,-0.09431476654174276,83.9317544946686,-8.621358242485165,36.281814766541736,0.9181852334582601,83.9317544946686,-0.09431476654174276,-8.621358242485165,Oranges x 5 @ exchange 2.7000 / contract 2.6190; Sugar x 1 @ exchange 20.2500 / contract 19.6425
57,Truck,1,5725.0,2026-07-22T21:15:12.157415Z,simcotools_market_prices,4.783200850394605,5384.0,5384.0,3.0,5222.48,93.76566320918754,20.0,18.753132641837507,4.0,5496.0,5.0,0.374,1.87,,,False,5496.518795851025,5496.518795851025,5334.998795851025,5336.8687958510245,5498.388795851025,159.13120414897548,-2.388795851024952,761.156511009697,-11.426090346041654,5336.8687958510245,159.13120414897548,761.156511009697,-2.388795851024952,-11.426090346041654,Combustion engine x 6 @ exchange 610.0000 / contract 591.7000; Basic interior x 1 @ exchange 334.0000 / contract 323.9800; Car body x 1 @ exchange 815.0000 / contract 790.5500; Steel x 10 @ exchange 12.9000 / contract 12.5130; On-board computer x 1 @ exchange 446.0000 / contract 432.6200
3,Apples,P,2.45,2026-07-22T21:39:58.028295Z,simcotools_market_prices,202.18844174373334,1.449,1.449,3.0,1.40553,0.51189869760796,20.0,0.10237973952159202,4.0,2.352,1.0,0.374,0.374,,,False,2.063278437129552,2.063278437129552,2.019808437129552,2.393808437129552,2.437278437129552,-0.04180843712955218,-0.0852784371295523,-8.453182754964999,-17.24231431756511,2.393808437129552,-0.04180843712955218,-8.453182754964999,-0.0852784371295523,-17.24231431756511,Water x 3 @ exchange 0.3840 / contract 0.3725; Seeds x 1 @ exchange 0.2970 / contract 0.2881
64,Handbags,T,46.25,2026-07-22T21:21:38.397054Z,simcotools_market_prices,67.81580657679238,42.0,42.0,3.0,40.74,2.034923817410228,20.0,0.4069847634820456,4.0,44.4,1.0,0.374,0.374,,,False,44.441908580892274,44.441908580892274,43.18190858089228,43.55590858089228,44.81590858089228,0.8440914191077198,-0.4159085808922782,57.24274041133932,-28.20517587541895,43.55590858089228,0.8440914191077198,57.24274041133932,-0.4159085808922782,-28.20517587541895,Leather x 1.5 @ exchange 28.0000 / contract 27.1600
24,Smart phones,L,605.0,2026-07-22T21:21:37.322462Z,simcotools_market_prices,11.479769531710765,543.0,543.0,3.0,526.71,33.05815495264959,20.0,6.611630990529918,4.0,580.8,2.0,0.374,0.748,,,False,582.6697859431795,582.6697859431795,566.3797859431795,567.1277859431796,583.4177859431795,13.672214056820394,-2.6177859431795696,156.9538663605144,-30.05157931105355,567.1277859431796,13.672214056820394,156.9538663605144,-2.6177859431795696,-30.05157931105355,Processors x 2 @ exchange 115.0000 / contract 111.5500; Electronic components x 1 @ exchange 57.5000 / contract 55.7750; Batteries x 1 @ exchange 88.0000 / contract 85.3600; Displays x 1 @ exchange 125.0000 / contract 121.2500; Aluminium x 2 @ exchange 21.2500 / contract 20.6125
120,Vegetables,P,2.75,2026-07-22T21:30:21.074242Z,simcotools_market_prices,283.06381844122666,2.253,2.253,3.0,2.1854099999999996,0.36564192686282865,20.0,0.07312838537256573,4.0,2.6399999999999997,0.2,0.374,0.0748,,,False,2.691770312235395,2.691770312235395,2.6241803122353944,2.6989803122353946,2.766570312235395,-0.058980312235394905,-0.1265703122353954,-16.695192394206682,-35.82747588264933,2.6989803122353946,-0.058980312235394905,-16.695192394206682,-0.1265703122353954,-35.82747588264933,Water x 2 @ exchange 0.3840 / contract 0.3725; Seeds x 5 @ exchange 0.2970 / contract 0.2881
118,Coffee beans,P,0.71,2026-07-22T21:09:50.049147Z,simcotools_market_prices,499.0819496002313,0.489,0.489,3.0,0.4743299999999999,0.20738077200128022,20.0,0.041476154400256045,4.0,0.6816,0.1,0.374,0.0374,,,False,0.7378569264015363,0.7378569264015363,0.7231869264015363,0.7605869264015362,0.7752569264015363,-0.07898692640153626,-0.09365692640153633,-39.420949221408705,-46.74248142204413,0.7605869264015362,-0.07898692640153626,-39.420949221408705,-0.09365692640153633,-46.74248142204413,Water x 0.5 @ exchange 0.3840 / contract 0.3725; Seeds x 1 @ exchange 0.2970 / contract 0.2881
128,Pasta,k,57.5,2026-07-22T19:25:14.102645Z,simcotools_market_prices,18.367631250737226,32.66,32.66,3.0,31.680199999999996,20.66134684540599,20.0,4.132269369081198,4.0,55.199999999999996,1.0,0.374,0.374,,,False,57.453616214487184,57.453616214487184,56.47381621448719,56.84781621448719,57.827616214487186,-1.647816214487193,-2.6276162144871904,-30.26648059668648,-48.26308569615877,56.84781621448719,-1.647816214487193,-30.26648059668648,-2.6276162144871904,-48.26308569615877,Flour x 2 @ exchange 15.1000 / contract 14.6470; Eggs x 2 @ exchange 1.2300 / contract 1.1931
125,Apple cider,6,27.5,2026-07-22T21:27:09.417387Z,simcotools_market_prices,36.564192686282865,19.6,19.6,3.0,19.012,6.604822430295288,20.0,1.3209644860590575,4.0,26.4,1.0,0.374,0.374,,,False,27.525786916354345,27.525786916354345,26.937786916354344,27.311786916354343,27.899786916354344,-0.9117869163543446,-1.4997869163543456,-33.338752498411935,-54.838497797946296,27.311786916354343,-0.9117869163543446,-33.338752498411935,-1.4997869163543456,-54.838497797946296,Apples x 8 @ exchange 2.4500 / contract 2.3765
72,Sugarcane,P,1.65,2026-07-22T21:39:24.361355Z,simcotools_market_prices,647.0030135799466,1.449,1.449,3.0,1.40553,0.15996834300248755,20.0,0.03199366860049751,4.0,1.5839999999999999,0.1,0.374,0.0374,,,False,1.6409620116029853,1.6409620116029853,1.5974920116029852,1.6348920116029853,1.6783620116029854,-0.0508920116029854,-0.09436201160298552,-32.92728487427716,-61.052505874597514,1.6348920116029853,-0.0508920116029854,-32.92728487427716,-0.09436201160298552,-61.052505874597514,Water x 3 @ exchange 0.3840 / contract 0.3725; Seeds x 1 @ exchange 0.2970 / contract 0.2881
62,Dress,T,22.5,2026-07-22T18:50:09.389323Z,simcotools_market_prices,150.70179239287197,20.650000000000002,20.650000000000002,3.0,20.0305,0.9157157178346026,20.0,0.18314314356692052,4.0,21.599999999999998,1.0,0.374,0.374,,,False,21.748858861401523,21.748858861401523,21.12935886140152,21.50335886140152,22.12285886140152,0.09664113859847845,-0.5228588614015237,14.563992805678664,-78.79576758170585,21.50335886140152,0.09664113859847845,14.563992805678664,-0.5228588614015237,-78.79576758170585,Fabric x 3 @ exchange 4.9000 / contract 4.7530; Plastic x 0.5 @ exchange 11.9000 / contract 11.5430
60,Underwear,T,6.0,2026-07-22T21:18:59.146232Z,simcotools_market_prices,165.77197163215916,4.9,4.9,3.0,4.753,0.8324688343950932,20.0,0.16649376687901862,4.0,5.76,1.0,0.374,0.374,,,False,5.898962601274112,5.898962601274112,5.751962601274112,6.125962601274112,6.272962601274112,-0.36596260127411195,-0.5129626012741122,-60.66634195684326,-85.0348217867707,6.125962601274112,-0.36596260127411195,-60.66634195684326,-0.5129626012741122,-85.0348217867707,Fabric x 1 @ exchange 4.9000 / contract 4.7530
11,Petrol,R,40.5,2026-07-22T21:34:53.166836Z,simcotools_market_prices,111.41168223330178,34.1725,34.1725,3.0,33.147324999999995,4.335272480569616,20.0,0.8670544961139232,4.0,38.879999999999995,1.0,0.374,0.374,,,False,39.374826976683536,39.374826976683536,38.34965197668353,38.723651976683534,39.74882697668354,0.15634802331646114,-0.8688269766835433,17.418996291538424,-96.79747504198721,38.723651976683534,0.15634802331646114,17.418996291538424,-0.8688269766835433,-96.79747504198721,Power x 15 @ exchange 0.2740 / contract 0.2658; Crude oil x 0.75 @ exchange 30.5000 / contract 29.5850; Ethanol x 0.25 @ exchange 28.7500 / contract 27.8875
68,Gold ore,M,31.75,2026-07-22T21:27:24.098169Z,simcotools_market_prices,56.7775755760607,22.688000000000002,22.688000000000002,3.0,22.00736,4.861074063126618,20.0,0.9722148126253236,4.0,30.48,10.0,0.374,3.74,,,False,28.521288875751946,28.521288875751946,27.840648875751942,31.58064887575194,32.261288875751944,-1.10064887575194,-1.7812888757519438,-62.49217472571201,-101.13726376580219,31.58064887575194,-1.10064887575194,-62.49217472571201,-1.7812888757519438,-101.13726376580219,Power x 80 @ exchange 0.2740 / contract 0.2658; Water x 2 @ exchange 0.3840 / contract 0.3725
103,Cement,o,6.5,2026-07-22T21:30:40.300328Z,simcotools_market_prices,298.4740078244799,4.68,4.68,3.0,4.5396,1.2714674981788303,20.0,0.25429349963576603,4.0,6.24,1.0,0.374,0.374,,,False,6.205760997814596,6.205760997814596,6.065360997814596,6.439360997814596,6.579760997814596,-0.19936099781459582,-0.33976099781459546,-59.50407602160979,-101.40982672016666,6.439360997814596,-0.19936099781459582,-59.50407602160979,-0.33976099781459546,-101.40982672016666,Limestone x 3 @ exchange 1.5600 / contract 1.5132
47,On-board computer,L,446.0,2026-07-22T21:36:07.879215Z,simcotools_market_prices,13.775723438052918,402.5,402.5,3.0,390.42499999999995,27.548462460541323,20.0,5.509692492108265,4.0,428.15999999999997,1.0,0.374,0.374,,,False,435.5581549526496,435.5581549526496,423.48315495264956,423.8571549526496,435.9321549526496,4.302845047350388,-7.772154952649657,59.274803369094656,-107.06705714539495,423.8571549526496,4.302845047350388,59.274803369094656,-7.772154952649657,-107.06705714539495,Processors x 2 @ exchange 115.0000 / contract 111.5500; Electronic components x 3 @ exchange 57.5000 / contract 55.7750
139,Fodder,i,11.2,2026-07-22T21:33:55.916465Z,simcotools_market_prices,284.69828438642696,9.175,9.175,3.0,8.899750000000001,1.3329901190584512,20.0,0.26659802381169023,4.0,10.751999999999999,1.0,0.374,0.374,,,False,10.774588142870142,10.774588142870142,10.499338142870142,10.873338142870143,11.148588142870143,-0.12133814287014388,-0.39658814287014366,-34.544761105765126,-112.90796388312909,10.873338142870143,-0.12133814287014388,-34.544761105765126,-0.39658814287014366,-112.90796388312909,Vegetables x 0.5 @ exchange 2.7500 / contract 2.6675; Grain x 10 @ exchange 0.7800 / contract 0.7566
27,Monitors,L,575.0,2026-07-22T21:22:57.634449Z,simcotools_market_prices,12.857341875516056,525.7,525.7,3.0,509.92900000000003,29.516209779151417,20.0,5.903241955830283,4.0,552.0,2.0,0.374,0.748,,,False,561.1194517349817,561.1194517349817,545.3484517349817,546.0964517349818,561.8674517349817,5.90354826501823,-9.867451734981728,75.90393832194906,-126.86920039681414,546.0964517349818,5.90354826501823,75.90393832194906,-9.867451734981728,-126.86920039681414,Electronic components x 2 @ exchange 57.5000 / contract 55.7750; Displays x 3 @ exchange 125.0000 / contract 121.2500; Plastic x 3 @ exchange 11.9000 / contract 11.5430
88,Ion drive,D,11600.0,2026-07-22T21:18:20.287372Z,simcotools_market_prices,0.5596646735354555,10031.0,10031.0,3.0,9730.07,1109.5929926702063,20.0,221.91859853404128,4.0,11136.0,1.0,0.374,0.374,,,False,11362.511591204247,11362.511591204247,11061.581591204247,11061.955591204247,11362.885591204247,74.04440879575304,-226.88559120424725,41.440039875800935,-126.97985033122384,11061.955591204247,74.04440879575304,41.440039875800935,-226.88559120424725,-126.97985033122384,High grade e-comps x 8 @ exchange 895.0000 / contract 868.1500; Batteries x 30 @ exchange 88.0000 / contract 85.3600; Chemicals x 15 @ exchange 15.4000 / contract 14.9380
80,Flight computer,8,5000.0,2026-07-22T21:18:19.086896Z,simcotools_market_prices,2.2631545648229796,4472.0,4472.0,3.0,4337.84,320.1283779999663,20.0,64.02567559999325,4.0,4800.0,1.0,0.374,0.374,,,False,4856.15405359996,4856.15405359996,4721.99405359996,4722.36805359996,4856.52805359996,77.63194640003985,-56.52805359996,175.69309387134308,-127.93172254530755,4722.36805359996,77.63194640003985,175.69309387134308,-56.52805359996,-127.93172254530755,High grade e-comps x 4 @ exchange 895.0000 / contract 868.1500; On-board computer x 2 @ exchange 446.0000 / contract 432.6200
81,Cockpit,8,5450.0,2026-07-22T21:18:47.970199Z,simcotools_market_prices,2.2631545648229796,4914.0,4914.0,3.0,4766.58,320.1283779999663,20.0,64.02567559999325,4.0,5232.0,1.0,0.374,0.374,,,False,5298.15405359996,5298.15405359996,5150.73405359996,5151.10805359996,5298.52805359996,80.89194640004007,-66.52805359996,183.07097775266647,-150.56326819353734,5151.10805359996,80.89194640004007,183.07097775266647,-66.52805359996,-150.56326819353734,High grade e-comps x 4 @ exchange 895.0000 / contract 868.1500; Displays x 8 @ exchange 125.0000 / contract 121.2500; Basic interior x 1 @ exchange 334.0000 / contract 323.9800
121,Bread,j,170.0,2026-07-22T20:42:08.839355+00:00,simcompanies_market_listing,11.958002125986514,131.0,131.0,3.0,127.07,37.50626528367501,20.0,7.501253056735003,4.0,163.2,1.0,0.374,0.374,,,False,176.00751834041003,176.00751834041003,172.07751834041002,172.45151834041002,176.38151834041003,-9.25151834041003,-13.181518340410037,-110.62967598322636,-157.62462433835344,172.45151834041002,-9.25151834041003,-110.62967598322636,-13.181518340410037,-157.62462433835344,Dough x 1 @ exchange 131.0000 / contract 127.0700
141,Vegetable oil,k,37.75,2026-07-22T21:28:18.692824+00:00,simcompanies_market_listing,36.73526250147445,27.774,27.774,3.0,26.94078,10.330673422702995,20.0,2.066134684540599,4.0,36.24,1.0,0.374,0.374,,,False,40.170808107243595,40.170808107243595,39.3375881072436,39.7115881072436,40.5448081072436,-3.4715881072435977,-4.304808107243595,-127.5297004165904,-158.13825583806883,39.7115881072436,-3.4715881072435977,-127.5297004165904,-4.304808107243595,-158.13825583806883,Vegetables x 10 @ exchange 2.7500 / contract 2.6675; Power x 1 @ exchange 0.2740 / contract 0.2658
48,Electric motor,D,226.0,2026-07-22T18:00:42.463620+00:00,simcompanies_market_listing,30.78155704445005,198.3,198.3,3.0,192.351,20.174418048549203,20.0,4.034883609709841,4.0,216.95999999999998,2.0,0.374,0.748,,,False,222.50930165825906,222.50930165825906,216.56030165825905,217.30830165825904,223.25730165825905,-0.3483016582590608,-6.297301658259073,-10.721267362377827,-193.84075021981155,217.30830165825904,-0.3483016582590608,-10.721267362377827,-6.297301658259073,-193.84075021981155,Steel x 2 @ exchange 12.9000 / contract 12.5130; Electronic components x 3 @ exchange 57.5000 / contract 55.7750
133,Flour,i,15.1,2026-07-22T21:37:17.297494Z,simcotools_market_prices,87.24624844100181,11.700000000000001,11.700000000000001,3.0,11.349,4.349757230611788,20.0,0.8699514461223575,4.0,14.495999999999999,0.1,0.374,0.0374,,,False,16.919708676734146,16.919708676734146,16.568708676734147,16.60610867673415,16.957108676734148,-2.11010867673415,-2.461108676734149,-184.09906584786123,-214.72249905065277,16.60610867673415,-2.11010867673415,-184.09906584786123,-2.461108676734149,-214.72249905065277,Grain x 15 @ exchange 0.7800 / contract 0.7566
115,Cows,F,145.0,2026-07-22T21:28:49.606331Z,simcotools_market_prices,37.67544809821799,140.54399999999998,140.54399999999998,3.0,136.32768,3.6628628713384104,20.0,0.7325725742676821,4.0,139.2,1.0,0.374,0.374,,,False,144.93943544560608,144.93943544560608,140.72311544560608,141.09711544560608,145.31343544560607,-1.8971154456060901,-6.113435445606086,-71.47467450725995,-230.32641983273828,141.09711544560608,-1.8971154456060901,-71.47467450725995,-6.113435445606086,-230.32641983273828,Water x 16 @ exchange 0.3840 / contract 0.3725; Fodder x 12 @ exchange 11.2000 / contract 10.8640
112,Bulldozer,1,2230.0,2026-07-22T21:38:16.490148+00:00,simcompanies_market_listing,5.58040099212704,2086.6,2086.6,3.0,2024.002,80.37056846501788,20.0,16.074113693003575,4.0,2140.7999999999997,5.0,0.374,1.87,,,False,2183.0446821580217,2183.0446821580217,2120.4466821580218,2122.3166821580216,2184.9146821580216,18.483317841978078,-44.11468215802188,103.1443252231739,-246.17761608199433,2122.3166821580216,18.483317841978078,103.1443252231739,-44.11468215802188,-246.17761608199433,Steel x 4 @ exchange 12.9000 / contract 12.5130; Car body x 1 @ exchange 815.0000 / contract 790.5500; Combustion engine x 2 @ exchange 610.0000 / contract 591.7000
51,Car body,1,815.0,2026-07-22T21:12:41.463929Z,simcotools_market_prices,28.699205102367632,774.0,774.0,3.0,750.78,15.62761053486459,20.0,3.1255221069729178,4.0,782.4,2.0,0.374,0.748,,,False,792.7531326418375,792.7531326418375,769.5331326418375,770.2811326418375,793.5011326418376,12.118867358162447,-11.10113264183758,347.80185992029226,-318.59368255668494,770.2811326418375,12.118867358162447,347.80185992029226,-11.10113264183758,-318.59368255668494,Aluminium x 30 @ exchange 21.2500 / contract 20.6125; Glass x 5 @ exchange 14.4000 / contract 13.9680; Steel x 5 @ exchange 12.9000 / contract 12.5130
77,Fuselage,7,2700.0,2026-07-22T21:34:16.656258Z,simcotools_market_prices,3.3038359820105594,2500.0,2500.0,3.0,2425.0,177.52091907513025,20.0,35.504183815026046,4.0,2592.0,2.0,0.374,0.748,,,False,2713.025102890156,2713.025102890156,2638.025102890156,2638.773102890156,2713.773102890156,-46.773102890156224,-121.77310289015622,-154.53066031878024,-402.31835896957216,2638.773102890156,-46.773102890156224,-154.53066031878024,-121.77310289015622,-402.31835896957216,Carbon composite x 40 @ exchange 62.5000 / contract 60.6250
116,Pigs,F,45.5,2026-07-22T21:36:06.151057Z,simcotools_market_prices,82.88598581607958,46.336,46.336,3.0,44.945919999999994,1.6649376687901865,20.0,0.33298753375803725,4.0,43.68,1.0,0.374,0.374,,,False,48.33392520254822,48.33392520254822,46.94384520254822,47.31784520254822,48.707925202548225,-3.6378452025482204,-5.027925202548225,-301.52638585950496,-416.74453702272126,47.31784520254822,-3.6378452025482204,-301.52638585950496,-5.027925202548225,-416.74453702272126,Water x 4 @ exchange 0.3840 / contract 0.3725; Fodder x 4 @ exchange 11.2000 / contract 10.8640
114,Robots,L,605.0,2026-07-22T21:00:35.618813+00:00,simcompanies_market_listing,2.2959539063421532,575.0,575.0,3.0,557.75,165.29077476324792,20.0,33.05815495264958,4.0,580.8,2.0,0.374,0.748,,,False,773.3489297158975,773.3489297158975,756.0989297158975,756.8469297158975,774.0969297158975,-176.0469297158976,-193.2969297158976,-404.1956359807576,-443.8008408651597,756.8469297158975,-176.0469297158976,-404.1956359807576,-193.2969297158976,-443.8008408651597,Electric motor x 1 @ exchange 226.0000 / contract 219.2200; Processors x 2 @ exchange 115.0000 / contract 111.5500; Plastic x 10 @ exchange 11.9000 / contract 11.5430
28,Televisions,L,940.0,2026-07-22T21:22:07.893693Z,simcotools_market_prices,16.07167734439507,904.5,904.5,3.0,877.365,23.612967823321135,20.0,4.722593564664226,4.0,902.4,2.0,0.374,0.748,,,False,932.8355613879853,932.8355613879853,905.7005613879853,906.4485613879854,933.5835613879854,-4.048561387985387,-31.183561387985378,-65.0671723366774,-501.1721370768375,906.4485613879854,-4.048561387985387,-65.0671723366774,-31.183561387985378,-501.1721370768375,Processors x 1 @ exchange 115.0000 / contract 111.5500; Electronic components x 4 @ exchange 57.5000 / contract 55.7750; Displays x 4 @ exchange 125.0000 / contract 121.2500; Plastic x 5 @ exchange 11.9000 / contract 11.5430
49,Luxury car interior,1,955.0,2026-07-22T21:12:39.779317Z,simcotools_market_prices,19.930003543310857,932.5,932.5,3.0,904.5250000000001,22.503759170205008,20.0,4.500751834041001,4.0,916.8,2.0,0.374,0.748,,,False,959.5045110042461,959.5045110042461,931.5295110042462,932.2775110042462,960.2525110042461,-15.477511004246253,-43.45251100424616,-308.4668491562606,-866.00869828038,932.2775110042462,-15.477511004246253,-308.4668491562606,-43.45251100424616,-866.00869828038,Displays x 6 @ exchange 125.0000 / contract 121.2500; Aluminium x 2 @ exchange 21.2500 / contract 20.6125; Leather x 5 @ exchange 28.0000 / contract 27.1600
55,Economy car,1,2260.0,2026-07-22T21:39:44.211531Z,simcotools_market_prices,13.9510024803176,2205.0,2205.0,3.0,2138.85,32.14822738600716,20.0,6.429645477201432,4.0,2169.6,5.0,0.374,1.87,,,False,2243.5778728632085,2243.5778728632085,2177.4278728632084,2179.2978728632083,2245.4478728632084,-9.697872863208431,-75.84787286320852,-135.29504836842557,-1058.153862441436,2179.2978728632083,-9.697872863208431,-135.29504836842557,-75.84787286320852,-1058.153862441436,Combustion engine x 1 @ exchange 610.0000 / contract 591.7000; Basic interior x 1 @ exchange 334.0000 / contract 323.9800; Car body x 1 @ exchange 815.0000 / contract 790.5500; On-board computer x 1 @ exchange 446.0000 / contract 432.6200
54,Luxury e-car,1,6275.0,2026-07-22T21:42:56.855376+00:00,simcompanies_market_listing,3.9860007086621714,6206.0,6206.0,3.0,6019.82,112.51879585102505,20.0,22.503759170205008,4.0,6024.0,5.0,0.374,1.87,,,False,6341.02255502123,6341.02255502123,6154.84255502123,6156.7125550212295,6342.89255502123,-132.7125550212295,-318.8925550212298,-528.9923383629881,-1271.1059503017125,6156.7125550212295,-132.7125550212295,-528.9923383629881,-318.8925550212298,-1271.1059503017125,Electric motor x 4 @ exchange 226.0000 / contract 219.2200; Luxury car interior x 1 @ exchange 955.0000 / contract 926.3500; Car body x 1 @ exchange 815.0000 / contract 790.5500; Batteries x 30 @ exchange 88.0000 / contract 85.3600; On-board computer x 2 @ exchange 446.0000 / contract 432.6200
87,Heat shield,7,452.0,2026-07-22T11:36:46.271827+00:00,simcompanies_market_listing,12.013949025492943,492.0,492.0,3.0,477.24,48.81825274566082,20.0,9.763650549132164,4.0,433.91999999999996,1.0,0.374,0.374,,,False,550.581903294793,550.581903294793,535.8219032947931,536.1959032947931,550.9559032947931,-102.27590329479312,-117.03590329479312,-1228.7374887198903,-1406.0633763361661,536.1959032947931,-102.27590329479312,-1228.7374887198903,-117.03590329479312,-1406.0633763361661,Steel x 20 @ exchange 12.9000 / contract 12.5130; Silicon x 30 @ exchange 7.8000 / contract 7.5660
78,Wing,7,1970.0,2026-07-22T21:34:16.874182Z,simcotools_market_prices,8.109415592207736,1981.25,1981.25,3.0,1921.8125,72.323337400979,20.0,14.464667480195798,4.0,1891.1999999999998,2.0,0.374,0.748,,,False,2068.038004881175,2068.038004881175,2008.6005048811749,2009.348504881175,2068.786004881175,-118.14850488117509,-177.58600488117509,-958.115327679433,-1440.1187169412804,2009.348504881175,-118.14850488117509,-958.115327679433,-177.58600488117509,-1440.1187169412804,Carbon composite x 30 @ exchange 62.5000 / contract 60.6250; Aluminium x 5 @ exchange 21.2500 / contract 20.6125
101,Reinforced concrete,o,202.0,2026-07-22T21:39:24.510866+00:00,simcompanies_market_listing,188.26822032005654,196.08,196.08,3.0,190.1976,2.015741155649365,20.0,0.4031482311298731,4.0,193.92,10.0,0.374,3.74,,,False,198.49888938677924,198.49888938677924,192.61648938677922,196.35648938677923,202.23888938677925,-2.436489386779243,-8.318889386779261,-458.713520677634,-1566.182499888338,196.35648938677923,-2.436489386779243,-458.713520677634,-8.318889386779261,-1566.182499888338,Cement x 15 @ exchange 6.5000 / contract 6.3050; Sand x 20 @ exchange 1.3200 / contract 1.2804; Water x 20 @ exchange 0.3840 / contract 0.3725; Steel x 5 @ exchange 12.9000 / contract 12.5130
71,Necklace,T,1620.0,2026-07-22T21:28:10.268387Z,simcotools_market_prices,41.44299290803979,1593.75,1593.75,3.0,1545.9375,3.329875337580373,20.0,0.6659750675160745,4.0,1555.2,1.0,0.374,0.374,,,False,1597.7458504050965,1597.7458504050965,1549.9333504050965,1550.3073504050965,1598.1198504050965,4.89264959490356,-42.91985040509644,202.76604246311197,-1778.7270559525405,1550.3073504050965,4.89264959490356,202.76604246311197,-42.91985040509644,-1778.7270559525405,Golden bars x 0.25 @ exchange 6375.0000 / contract 6183.7500
53,Economy e-car,1,3370.0,2026-07-22T17:45:52.086236Z,simcotools_market_prices,19.930003543310857,3367.0,3367.0,3.0,3265.99,22.503759170205008,20.0,4.500751834041001,4.0,3235.2,5.0,0.374,1.87,,,False,3394.0045110042456,3394.0045110042456,3292.9945110042454,3294.8645110042453,3395.8745110042455,-59.66451100424547,-160.6745110042457,-1189.1139157245218,-3202.243573634356,3294.8645110042453,-59.66451100424547,-1189.1139157245218,-160.6745110042457,-3202.243573634356,Electric motor x 2 @ exchange 226.0000 / contract 219.2200; Basic interior x 1 @ exchange 334.0000 / contract 323.9800; Car body x 1 @ exchange 815.0000 / contract 790.5500; Batteries x 15 @ exchange 88.0000 / contract 85.3600; On-board computer x 1 @ exchange 446.0000 / contract 432.6200
84,Propellant tank,7,9325.0,2026-07-22T21:12:36.986501+00:00,simcompanies_market_listing,4.505230884559854,9625.0,9625.0,3.0,9336.25,130.18200732176217,20.0,26.036401464352434,4.0,8952.0,1.0,0.374,0.374,,,False,9781.218408786115,9781.218408786115,9492.468408786115,9492.842408786115,9781.592408786115,-540.8424087861149,-829.5924087861149,-2436.6199237429505,-3737.5053416596083,9492.842408786115,-540.8424087861149,-2436.6199237429505,-829.5924087861149,-3737.5053416596083,Aluminium x 50 @ exchange 21.2500 / contract 20.6125; Rocket fuel x 250 @ exchange 34.2500 / contract 33.2225
69,Golden bars,Y,6375.0,2026-07-22T21:34:20.736025Z,simcotools_market_prices,29.94768842461934,6360.96,6360.96,3.0,6170.1312,13.824105357649563,20.0,2.7648210715299126,4.0,6120.0,1000.0,0.374,374.0,,,False,6377.548926429179,6377.548926429179,6186.720126429179,6560.720126429179,6751.548926429179,-440.7201264291789,-631.5489264291791,-13198.549028759893,-18913.430473603898,6560.720126429179,-440.7201264291789,-13198.549028759893,-631.5489264291791,-18913.430473603898,Power x 40 @ exchange 0.2740 / contract 0.2658; Gold ore x 200 @ exchange 31.7500 / contract 30.7975
