resource_id,resource,building,exchange_q0_price,price_timestamp,hourly_output_lvl1,material_unit_cost,material_unit_cost_exchange_inputs,contract_input_discount_percent,material_unit_cost_contract_inputs,worker_unit_cost,admin_overhead_percent_assumed,admin_unit_cost_assumed,exchange_fee_percent,exchange_net_unit_revenue_after_fee,transport_units,transport_q0_price,freight_unit_cost_exchange_full,production_season,retail_season,is_seasonal,unit_cost_base_excluding_freight,unit_cost_base_exchange_inputs_excluding_freight,unit_cost_base_contract_inputs_excluding_freight,unit_cost_contract_inputs_exchange_sale,unit_cost_exchange_with_freight,unit_profit_contract_inputs_exchange_sale,unit_profit_exchange_with_freight_after_fee,hourly_profit_contract_inputs_exchange_sale,hourly_profit_exchange_with_freight_after_fee,unit_cost_contract_no_freight,unit_profit_contract_no_freight,hourly_profit_contract_no_freight,unit_profit_exchange_with_freight,hourly_profit_exchange_with_freight,inputs
84,Propellant tank,7,9450.0,2026-07-21T16:22:12.319176Z,4.505230884559854,9012.5,9012.5,3.0,8742.125,130.18200732176217,20.0,26.036401464352434,4.0,9072.0,1.0,0.388,0.388,,,False,9168.718408786115,9168.718408786115,8898.343408786115,8898.731408786116,9169.106408786116,173.26859121388406,-97.10640878611594,780.6150084609666,-437.48679195190385,8898.731408786116,173.26859121388406,780.6150084609666,-97.10640878611594,-437.48679195190385,Aluminium x 50 @ exchange 21.5000 / contract 20.8550; Rocket fuel x 250 @ exchange 31.7500 / contract 30.7975
50,Basic interior,1,332.0,2026-07-21T17:04:03.083942Z,31.88800566929737,290.05,290.05,3.0,281.34849999999994,14.06484948137813,20.0,2.812969896275626,4.0,318.71999999999997,2.0,0.388,0.776,,,False,306.92781937765375,306.92781937765375,298.2263193776537,299.0023193776537,307.70381937765376,19.71768062234628,11.016180622346212,628.757511470773,351.28403013937987,299.0023193776537,19.71768062234628,628.757511470773,11.016180622346212,351.28403013937987,Displays x 2 @ exchange 121.0000 / contract 117.3700; Plastic x 2 @ exchange 11.9000 / contract 11.5430; Fabric x 5 @ exchange 4.8500 / contract 4.7045
112,Bulldozer,1,2310.0,2026-07-21T17:44:17.111764Z,5.58040099212704,2077.8,2077.8,3.0,2015.466,80.37056846501788,20.0,16.074113693003575,4.0,2217.6,5.0,0.388,1.94,,,False,2174.244682158022,2174.244682158022,2111.9106821580217,2113.8506821580218,2176.184682158022,103.74931784197815,41.41531784197787,578.9627962178785,231.11408077463,2113.8506821580218,103.74931784197815,578.9627962178785,41.41531784197787,231.11408077463,Steel x 4 @ exchange 13.2000 / contract 12.8040; Car body x 1 @ exchange 805.0000 / contract 780.8500; Combustion engine x 2 @ exchange 610.0000 / contract 591.7000
98,Quadcopter,8,865.0,2026-07-21T17:44:07.130242Z,12.447350106526388,740.3,740.3,3.0,718.091,58.20515963635751,20.0,11.641031927271502,4.0,830.4,2.0,0.388,0.776,,,False,810.1461915636289,810.1461915636289,787.937191563629,788.7131915636289,810.9221915636289,41.68680843637105,19.477808436371106,518.8902994312083,242.44710091536447,788.7131915636289,41.68680843637105,518.8902994312083,19.477808436371106,242.44710091536447,On-board computer x 1 @ exchange 460.0000 / contract 446.2000; Batteries x 1 @ exchange 88.5000 / contract 85.8450; Electronic components x 3 @ exchange 56.0000 / contract 54.3200; Plastic x 2 @ exchange 11.9000 / contract 11.5430
25,Tablets,L,775.0,2026-07-21T17:26:58.548749Z,11.479769531710765,681.0,681.0,3.0,660.5699999999999,33.05815495264959,20.0,6.611630990529918,4.0,744.0,2.0,0.388,0.776,,,False,720.6697859431795,720.6697859431795,700.2397859431794,701.0157859431794,721.4457859431794,42.98421405682063,22.55421405682057,493.4488708740231,258.91717934117145,701.0157859431794,42.98421405682063,493.4488708740231,22.55421405682057,258.91717934117145,Processors x 2 @ exchange 115.0000 / contract 111.5500; Electronic components x 1 @ exchange 56.0000 / contract 54.3200; Batteries x 1 @ exchange 88.5000 / contract 85.8450; Displays x 2 @ exchange 121.0000 / contract 117.3700; Aluminium x 3 @ exchange 21.5000 / contract 20.8550
70,Luxury watch,T,815.0,2026-07-21T13:33:22.569662Z,18.837724049108996,771.65,771.65,3.0,748.5005000000001,7.325725742676821,20.0,1.4651451485353642,4.0,782.4,1.0,0.388,0.388,,,False,780.4408708912122,780.4408708912122,757.2913708912123,757.6793708912123,780.8288708912122,24.720629108787648,1.5711291087877726,465.68038947171294,29.596496596866608,757.6793708912123,24.720629108787648,465.68038947171294,1.5711291087877726,29.596496596866608,Golden bars x 0.1 @ exchange 6525.0000 / contract 6329.2500; Electronic components x 2 @ exchange 56.0000 / contract 54.3200; Glass x 0.5 @ exchange 14.3000 / contract 13.8710
131,Meat balls,m,2600.0,2026-07-21T14:12:11.551961Z,1.2931582686500145,1576.4,1576.4,3.0,1529.1080000000002,506.8985103302983,20.0,101.37970206605965,4.0,2496.0,2.0,0.388,0.776,,,False,2184.678212396358,2184.678212396358,2137.386212396358,2138.162212396358,2185.454212396358,357.837787603642,310.5457876036421,462.74089387507735,401.58485303408094,2138.162212396358,357.837787603642,462.74089387507735,310.5457876036421,401.58485303408094,Sausages x 2 @ exchange 12.7000 / contract 12.3190; Bread x 1 @ exchange 172.0000 / contract 166.8400; Sauce x 1 @ exchange 1360.0000 / contract 1319.2000; Vegetable oil x 0.5 @ exchange 38.0000 / contract 36.8600
149,Pumpkin soup,m,955.0,2026-07-21T14:12:18.405845Z,2.0857391429838943,328.0,328.0,3.0,318.16,314.27707640478496,20.0,62.855415280957,4.0,916.8,2.0,0.388,0.776,,,False,705.132491685742,705.132491685742,695.292491685742,696.068491685742,705.908491685742,220.731508314258,210.89150831425798,460.38834698092285,439.86467381396125,696.068491685742,220.731508314258,460.38834698092285,210.89150831425798,439.86467381396125,Butter x 2 @ exchange 57.5000 / contract 55.7750; Pumpkin x 10 @ exchange 12.7000 / contract 12.3190; Bread x 0.5 @ exchange 172.0000 / contract 166.8400
110,Tools,x,198.0,2026-07-21T17:44:16.847269Z,25.996059187770413,155.95,155.95,3.0,151.2715,18.57973920244121,20.0,3.715947840488242,4.0,190.07999999999998,1.0,0.388,0.388,,,False,178.24568704292943,178.24568704292943,173.56718704292945,173.95518704292945,178.63368704292944,16.12481295707053,11.446312957070546,419.1815920237328,297.5590291137493,173.95518704292945,16.12481295707053,419.1815920237328,11.446312957070546,297.5590291137493,Steel x 0.5 @ exchange 13.2000 / contract 12.8040; Planks x 0.5 @ exchange 9.7000 / contract 9.4090; Electronic components x 1 @ exchange 56.0000 / contract 54.3200; Batteries x 1 @ exchange 88.5000 / contract 85.8450
137,Dough,j,142.0,2026-07-21T16:56:25.905368Z,11.958002125986514,59.79,59.79,3.0,57.9963,37.50626528367501,20.0,7.501253056735003,4.0,136.32,1.0,0.388,0.388,,,False,104.79751834041002,104.79751834041002,103.00381834041002,103.39181834041003,105.18551834041003,32.92818165958997,31.134481659589966,393.755266290247,372.3061978768649,103.39181834041003,32.92818165958997,393.755266290247,31.134481659589966,372.3061978768649,Flour x 2 @ exchange 14.9000 / contract 14.4530; Eggs x 1 @ exchange 1.2400 / contract 1.2028; Butter x 0.5 @ exchange 57.5000 / contract 55.7750
130,Lasagna,m,2320.0,2026-07-21T14:08:17.801542Z,1.5643043572379207,1534.5,1534.5,3.0,1488.4650000000001,419.03610187304656,20.0,83.80722037460932,4.0,2227.2,2.0,0.388,0.776,,,False,2037.343322247656,2037.343322247656,1991.3083222476562,1992.0843222476562,2038.119322247656,235.11567775234357,189.08067775234372,367.7924791629379,295.77972807749046,1992.0843222476562,235.11567775234357,367.7924791629379,189.08067775234372,295.77972807749046,Steak x 1 @ exchange 49.0000 / contract 47.5300; Cheese x 0.5 @ exchange 126.0000 / contract 122.2200; Pasta x 1 @ exchange 62.5000 / contract 60.6250; Sauce x 1 @ exchange 1360.0000 / contract 1319.2000
143,Samosa,m,755.0,2026-07-21T17:37:44.490026Z,1.8250217501109076,111.35,111.35,3.0,108.0095,359.1738016054685,20.0,71.8347603210937,4.0,724.8,2.0,0.388,0.776,,,False,542.3585619265622,542.3585619265622,539.0180619265622,539.7940619265621,543.1345619265621,185.00593807343785,181.66543807343783,337.63986088369575,331.5433757274502,539.7940619265621,185.00593807343785,337.63986088369575,181.66543807343783,331.5433757274502,Vegetables x 5 @ exchange 2.7500 / contract 2.6675; Vegetable oil x 1 @ exchange 38.0000 / contract 36.8600; Flour x 4 @ exchange 14.9000 / contract 14.4530
15,Bauxite,M,11.5,2026-07-21T17:46:00.779036Z,96.5218784793032,4.0085,4.0085,3.0,3.888245,2.859455331250951,20.0,0.5718910662501903,4.0,11.04,1.0,0.388,0.388,,,False,7.439846397501141,7.439846397501141,7.319591397501141,7.707591397501141,7.8278463975011405,3.332408602498858,3.2121536024988586,321.65033817377935,310.04309967725084,7.707591397501141,3.332408602498858,321.65033817377935,3.2121536024988586,310.04309967725084,Power x 14 @ exchange 0.2730 / contract 0.2648; Water x 0.5 @ exchange 0.3730 / contract 0.3618
43,Steel,Y,13.2,2026-07-21T17:39:46.946253Z,192.52085415826718,8.285,8.285,3.0,8.03645,2.15041638896771,20.0,0.43008327779354194,4.0,12.671999999999999,1.0,0.388,0.388,,,False,10.865499666761252,10.865499666761252,10.616949666761252,11.004949666761252,11.253499666761252,1.6670503332387465,1.4185003332387467,320.94195407994744,273.0908957789102,11.004949666761252,1.6670503332387465,320.94195407994744,1.4185003332387467,273.0908957789102,Power x 5 @ exchange 0.2730 / contract 0.2648; Iron ore x 1 @ exchange 5.4000 / contract 5.2380; Chemicals x 0.1 @ exchange 15.2000 / contract 14.7440
47,On-board computer,L,460.0,2026-07-21T17:39:48.57975Z,13.775723438052918,398.0,398.0,3.0,386.06,27.548462460541323,20.0,5.509692492108265,4.0,441.59999999999997,1.0,0.388,0.388,,,False,431.0581549526496,431.0581549526496,419.1181549526496,419.5061549526496,431.4461549526496,22.093845047350385,10.153845047350387,304.35869905549407,139.87656120514225,419.5061549526496,22.093845047350385,304.35869905549407,10.153845047350387,139.87656120514225,Processors x 2 @ exchange 115.0000 / contract 111.5500; Electronic components x 3 @ exchange 56.0000 / contract 54.3200
26,Laptops,L,1180.0,2026-07-21T17:44:19.623235Z,9.183815625368613,1082.7,1082.7,3.0,1050.2189999999998,41.32269369081198,20.0,8.264538738162395,4.0,1132.8,2.0,0.388,0.776,,,False,1132.2872324289744,1132.2872324289744,1099.8062324289742,1100.5822324289743,1133.0632324289745,32.21776757102566,-0.2632324289745611,295.8820372332797,-2.417478094320308,1100.5822324289743,32.21776757102566,295.8820372332797,-0.2632324289745611,-2.417478094320308,Processors x 4 @ exchange 115.0000 / contract 111.5500; Electronic components x 3 @ exchange 56.0000 / contract 54.3200; Batteries x 2 @ exchange 88.5000 / contract 85.8450; Displays x 2 @ exchange 121.0000 / contract 117.3700; Plastic x 3 @ exchange 11.9000 / contract 11.5430
28,Televisions,L,940.0,2026-07-21T15:14:16.644339Z,16.07167734439507,882.5,882.5,3.0,856.025,23.612967823321135,20.0,4.722593564664226,4.0,902.4,2.0,0.388,0.776,,,False,910.8355613879853,910.8355613879853,884.3605613879853,885.1365613879852,911.6115613879853,17.26343861201474,-9.211561387985284,277.4524152270723,-148.0452424657875,885.1365613879852,17.26343861201474,277.4524152270723,-9.211561387985284,-148.0452424657875,Processors x 1 @ exchange 115.0000 / contract 111.5500; Electronic components x 4 @ exchange 56.0000 / contract 54.3200; Displays x 4 @ exchange 121.0000 / contract 117.3700; Plastic x 5 @ exchange 11.9000 / contract 11.5430
7,Steak,e,49.0,2026-07-21T17:47:45.420628Z,25.669447221102292,17.25,17.25,3.0,16.732499999999998,16.128122917257823,20.0,3.2256245834515647,4.0,47.04,1.0,0.388,0.388,,,False,36.60374750070939,36.60374750070939,36.08624750070938,36.47424750070938,36.99174750070939,10.565752499290618,10.048252499290612,271.2170261317701,257.9330871948496,36.47424750070938,10.565752499290618,271.2170261317701,10.048252499290612,257.9330871948496,Cows x 0.125 @ exchange 138.0000 / contract 133.8600
135,Sugar,k,20.5,2026-07-21T17:46:12.933653Z,41.32717031415876,1.7865,1.7865,3.0,1.7329049999999997,9.18282082018044,20.0,1.836564164036088,4.0,19.68,1.0,0.388,0.388,,,False,12.80588498421653,12.80588498421653,12.752289984216528,13.140289984216528,13.19388498421653,6.539710015783472,6.48611501578347,270.2677096274934,268.05277993450596,13.140289984216528,6.539710015783472,270.2677096274934,6.48611501578347,268.05277993450596,Sugarcane x 1 @ exchange 1.6500 / contract 1.6005; Power x 0.5 @ exchange 0.2730 / contract 0.2648
111,Construction units,g,2640.0,2026-07-21T17:49:59.886619Z,0.9857142857142858,1898.25,1898.25,3.0,1841.3025,350.0,20.0,70.0,4.0,2534.4,0.0,0.388,0.0,,,False,2318.25,2318.25,2261.3025,2261.3025,2318.25,273.0975000000003,216.1500000000001,269.19610714285744,213.06214285714296,2261.3025,273.0975000000003,269.19610714285744,216.1500000000001,213.06214285714296,Bulldozer x 0.125 @ exchange 2310.0000 / contract 2240.7000; Diesel x 5 @ exchange 41.5000 / contract 40.2550; Windows x 4 @ exchange 109.0000 / contract 105.7300; Beams x 8 @ exchange 21.7500 / contract 21.0975; Tools x 4 @ exchange 198.0000 / contract 192.0600
14,Minerals,M,11.5,2026-07-21T17:45:39.303096Z,119.23290870972747,5.833000000000001,5.833000000000001,3.0,5.65801,2.3147971729174373,20.0,0.46295943458348743,4.0,11.04,1.0,0.388,0.388,,,False,8.610756607500926,8.610756607500926,8.435766607500925,8.823766607500925,8.998756607500926,2.216233392499074,2.041243392499073,264.2479537672917,243.38338707217636,8.823766607500925,2.216233392499074,264.2479537672917,2.041243392499073,243.38338707217636,Power x 20 @ exchange 0.2730 / contract 0.2648; Water x 1 @ exchange 0.3730 / contract 0.3618
10,Crude oil,O,29.5,2026-07-21T17:48:54.635467Z,41.52052427246143,6.825,6.825,3.0,6.6202499999999995,12.463715453208593,20.0,2.4927430906417185,4.0,28.32,1.0,0.388,0.388,,,False,21.78145854385031,21.78145854385031,21.57670854385031,21.96470854385031,22.16945854385031,6.35529145614969,6.150541456149689,263.87503316362995,255.37370581884343,21.96470854385031,6.35529145614969,263.87503316362995,6.150541456149689,255.37370581884343,Power x 25 @ exchange 0.2730 / contract 0.2648
27,Monitors,L,575.0,2026-07-21T16:42:32.54642Z,12.857341875516056,510.7,510.7,3.0,495.37899999999996,29.516209779151417,20.0,5.903241955830283,4.0,552.0,2.0,0.388,0.776,,,False,546.1194517349817,546.1194517349817,530.7984517349817,531.5744517349816,546.8954517349816,20.425548265018392,5.104548265018366,262.6182570381953,65.63092216341346,531.5744517349816,20.425548265018392,262.6182570381953,5.104548265018366,65.63092216341346,Electronic components x 2 @ exchange 56.0000 / contract 54.3200; Displays x 3 @ exchange 121.0000 / contract 117.3700; Plastic x 3 @ exchange 11.9000 / contract 11.5430
79,High grade e-comps,L,895.0,2026-07-21T17:39:44.389915Z,1.8367631250737224,483.8125,483.8125,3.0,469.298125,206.61346845405993,20.0,41.32269369081198,4.0,859.1999999999999,1.0,0.388,0.388,,,False,731.7486621448719,731.7486621448719,717.2342871448719,717.622287144872,732.1366621448719,141.57771285512797,127.063337855128,260.044722304575,233.38525352108311,717.622287144872,141.57771285512797,260.044722304575,127.063337855128,233.38525352108311,Silicon x 4 @ exchange 7.6000 / contract 7.3720; Chemicals x 3 @ exchange 15.2000 / contract 14.7440; Golden bars x 0.0625 @ exchange 6525.0000 / contract 6329.2500
12,Diesel,R,41.5,2026-07-21T17:49:05.600533Z,115.12540497441184,33.1575,33.1575,3.0,32.162774999999996,4.195424981196402,20.0,0.8390849962392806,4.0,39.839999999999996,1.0,0.388,0.388,,,False,38.19200997743568,38.19200997743568,37.19728497743568,37.58528497743568,38.58000997743568,2.2547150225643193,1.2599900225643168,259.57498007460737,145.05686161143527,37.58528497743568,2.2547150225643193,259.57498007460737,1.2599900225643168,145.05686161143527,Power x 15 @ exchange 0.2730 / contract 0.2648; Crude oil x 0.75 @ exchange 29.5000 / contract 28.6150; Ethanol x 0.25 @ exchange 27.7500 / contract 26.9175
19,Plastic,R,11.9,2026-07-21T17:47:56.181994Z,204.25475076105326,7.265000000000001,7.265000000000001,3.0,7.04705,2.3646940803106995,20.0,0.4729388160621399,4.0,11.424,1.0,0.388,0.388,,,False,10.102632896372839,10.102632896372839,9.884682896372839,10.272682896372839,10.490632896372839,1.1513171036271608,0.9333671036271607,235.16198804830344,190.6446651199319,10.272682896372839,1.1513171036271608,235.16198804830344,0.9333671036271607,190.6446651199319,Power x 5 @ exchange 0.2730 / contract 0.2648; Crude oil x 0.2 @ exchange 29.5000 / contract 28.6150
134,Butter,k,57.5,2026-07-21T17:38:43.951423Z,13.775723438052918,4.85,4.85,3.0,4.7044999999999995,27.548462460541323,20.0,5.509692492108265,4.0,55.199999999999996,1.0,0.388,0.388,,,False,37.90815495264959,37.90815495264959,37.76265495264959,38.15065495264959,38.29615495264959,17.049345047350407,16.90384504735041,234.86706217223644,232.86269441199974,38.15065495264959,17.049345047350407,234.86706217223644,16.90384504735041,232.86269441199974,Milk x 0.5 @ exchange 9.7000 / contract 9.4090
109,Windows,x,109.0,2026-07-21T17:44:16.624478Z,16.711752334995268,57.3,57.3,3.0,55.581,28.901816537130767,20.0,5.780363307426153,4.0,104.64,1.0,0.388,0.388,,,False,91.98217984455692,91.98217984455692,90.26317984455693,90.65117984455694,92.37017984455693,13.988820155443065,12.269820155443071,233.7776978965545,205.05019563269775,90.65117984455694,13.988820155443065,233.7776978965545,12.269820155443071,205.05019563269775,Aluminium x 2 @ exchange 21.5000 / contract 20.8550; Glass x 1 @ exchange 14.3000 / contract 13.8710
75,Carbon fibers,R,6.6,2026-07-21T17:30:59.217463Z,245.10570091326392,3.0865,3.0865,3.0,2.993905,1.970578400258916,20.0,0.39411568005178316,4.0,6.335999999999999,0.1,0.388,0.0388,,,False,5.4511940803106995,5.4511940803106995,5.358599080310698,5.397399080310699,5.4899940803107,0.9386009196893008,0.8460059196892997,230.0564362982802,207.36087392221626,5.397399080310699,0.9386009196893008,230.0564362982802,0.8460059196892997,207.36087392221626,Crude oil x 0.1 @ exchange 29.5000 / contract 28.6150; Power x 0.5 @ exchange 0.2730 / contract 0.2648
21,Electronic components,L,56.0,2026-07-21T17:30:02.764082Z,41.32717031415876,38.0,38.0,3.0,36.86,9.18282082018044,20.0,1.836564164036088,4.0,53.76,1.0,0.388,0.388,,,False,49.01938498421653,49.01938498421653,47.87938498421653,48.26738498421653,49.40738498421653,5.492615015783471,4.352615015783471,226.9942362273893,179.8812620692483,48.26738498421653,5.492615015783471,226.9942362273893,4.352615015783471,179.8812620692483,Silicon x 3 @ exchange 7.6000 / contract 7.3720; Chemicals x 1 @ exchange 15.2000 / contract 14.7440
140,Chocolate,k,264.0,2026-07-21T17:20:39.023221Z,3.214335468879014,42.45,42.45,3.0,41.1765,118.06483911660567,20.0,23.61296782332113,4.0,253.44,1.0,0.388,0.388,,,False,184.1278069399268,184.1278069399268,182.8543069399268,183.2423069399268,184.51580693992682,70.19769306007319,68.92419306007318,225.63893463647548,221.545478416858,183.2423069399268,70.19769306007319,225.63893463647548,68.92419306007318,221.545478416858,Cocoa x 10 @ exchange 1.7100 / contract 1.6587; Milk x 0.5 @ exchange 9.7000 / contract 9.4090; Sugar x 1 @ exchange 20.5000 / contract 19.8850
8,Sausages,e,12.7,2026-07-21T17:39:57.715723Z,77.00834166330688,2.859375,2.859375,3.0,2.77359375,5.376040972419274,20.0,1.0752081944838547,4.0,12.191999999999998,0.1,0.388,0.0388,,,False,9.310624166903128,9.310624166903128,9.224842916903128,9.263642916903128,9.349424166903129,2.92835708309687,2.84257583309687,225.5079227672885,218.90205095898293,9.263642916903128,2.92835708309687,225.5079227672885,2.84257583309687,218.90205095898293,Pigs x 0.0625 @ exchange 45.7500 / contract 44.3775
48,Electric motor,D,230.0,2026-07-21T16:09:53.155577Z,30.78155704445005,194.4,194.4,3.0,188.568,20.174418048549203,20.0,4.034883609709841,4.0,220.79999999999998,2.0,0.388,0.776,,,False,218.60930165825906,218.60930165825906,212.77730165825906,213.55330165825907,219.38530165825907,7.24669834174091,1.414698341740916,223.0646583902194,43.5466177069869,213.55330165825907,7.24669834174091,223.0646583902194,1.414698341740916,43.5466177069869,Steel x 2 @ exchange 13.2000 / contract 12.8040; Electronic components x 3 @ exchange 56.0000 / contract 54.3200
129,Hamburger,m,2380.0,2026-07-21T14:11:50.827684Z,0.5214347857459736,366.75,366.75,3.0,355.7475,1257.1083056191399,20.0,251.421661123828,4.0,2284.7999999999997,2.0,0.388,0.776,,,False,1875.2799667429679,1875.2799667429679,1864.2774667429678,1865.0534667429679,1876.055966742968,419.74653325703184,408.7440332570318,218.87044363649557,213.13335740632547,1865.0534667429679,419.74653325703184,218.87044363649557,408.7440332570318,213.13335740632547,Steak x 4 @ exchange 49.0000 / contract 47.5300; Vegetables x 3 @ exchange 2.7500 / contract 2.6675; Butter x 1 @ exchange 57.5000 / contract 55.7750; Bread x 0.5 @ exchange 172.0000 / contract 166.8400; Vegetable oil x 0.5 @ exchange 38.0000 / contract 36.8600
65,Sneakers,T,14.7,2026-07-21T17:06:21.692374Z,173.30706125180276,11.9,11.9,3.0,11.543,0.7962745372474804,20.0,0.1592549074494961,4.0,14.111999999999998,1.0,0.388,0.388,,,False,12.855529444696977,12.855529444696977,12.498529444696976,12.886529444696976,13.243529444696977,1.2254705553030227,0.8684705553030216,212.3827005901817,150.51207972328794,12.886529444696976,1.2254705553030227,212.3827005901817,0.8684705553030216,150.51207972328794,Plastic x 1 @ exchange 11.9000 / contract 11.5430
138,Sauce,m,1360.0,2026-07-21T14:41:01.072955Z,0.7821521786189604,34.4365,34.4365,3.0,33.403405,838.0722037460931,20.0,167.61444074921863,4.0,1305.6,2.0,0.388,0.776,,,False,1040.1231444953119,1040.1231444953119,1039.0900494953119,1039.866049495312,1040.899144495312,265.733950504688,264.700855504688,207.8443883202647,207.03635081529433,1039.866049495312,265.733950504688,207.8443883202647,264.700855504688,207.03635081529433,Vegetables x 2 @ exchange 2.7500 / contract 2.6675; Butter x 0.5 @ exchange 57.5000 / contract 55.7750; Water x 0.5 @ exchange 0.3730 / contract 0.3618
81,Cockpit,8,5425.0,2026-07-21T16:59:37.921079Z,2.2631545648229796,4880.0,4880.0,3.0,4733.599999999999,320.1283779999663,20.0,64.02567559999325,4.0,5208.0,1.0,0.388,0.388,,,False,5264.15405359996,5264.15405359996,5117.75405359996,5118.14205359996,5264.54205359996,89.85794640004042,-56.54205359996013,203.3624215808701,-127.96340670921535,5118.14205359996,89.85794640004042,203.3624215808701,-56.54205359996013,-127.96340670921535,High grade e-comps x 4 @ exchange 895.0000 / contract 868.1500; Displays x 8 @ exchange 121.0000 / contract 117.3700; Basic interior x 1 @ exchange 332.0000 / contract 322.0400
45,Glass,Y,14.3,2026-07-21T17:46:24.540207Z,128.34723610551146,8.145999999999999,8.145999999999999,3.0,7.901619999999999,3.2256245834515647,20.0,0.6451249166903129,4.0,13.728,1.0,0.388,0.388,,,False,12.016749500141875,12.016749500141875,11.772369500141876,12.160369500141876,12.404749500141875,1.567630499858124,1.3232504998581245,201.2010418914916,169.83554433202676,12.160369500141876,1.567630499858124,201.2010418914916,1.3232504998581245,169.83554433202676,Power x 2 @ exchange 0.2730 / contract 0.2648; Silicon x 1 @ exchange 7.6000 / contract 7.3720
117,Milk,F,9.7,2026-07-21T17:48:51.309465Z,120.56143391429757,6.096,6.096,3.0,5.913119999999999,1.1446446472932532,20.0,0.22892892945865065,4.0,9.312,1.0,0.388,0.388,,,False,7.469573576751904,7.469573576751904,7.286693576751903,7.674693576751903,7.8575735767519035,1.6373064232480967,1.454426423248096,197.39601014388035,175.3477351096335,7.674693576751903,1.6373064232480967,197.39601014388035,1.454426423248096,175.3477351096335,Water x 2 @ exchange 0.3730 / contract 0.3618; Fodder x 0.5 @ exchange 10.7000 / contract 10.3790
22,Batteries,L,88.5,2026-07-21T17:37:37.304308Z,25.255492969763683,60.8,60.8,3.0,58.976,15.026434069386175,20.0,3.0052868138772353,4.0,84.96,1.0,0.388,0.388,,,False,78.8317208832634,78.8317208832634,77.0077208832634,77.39572088326341,79.2197208832634,7.564279116736586,5.740279116736588,191.0395980540711,144.97357887722217,77.39572088326341,7.564279116736586,191.0395980540711,5.740279116736588,144.97357887722217,Chemicals x 4 @ exchange 15.2000 / contract 14.7440
86,Rocket engine,D,11200.0,2026-07-21T15:02:43.254492Z,0.27983233676772773,7639.0,7639.0,3.0,7409.83,2219.1859853404126,20.0,443.83719706808256,4.0,10752.0,1.0,0.388,0.388,,,False,10302.023182408495,10302.023182408495,10072.853182408495,10073.241182408496,10302.411182408496,678.7588175915043,449.58881759150427,189.93866602833052,125.80948941127033,10073.241182408496,678.7588175915043,189.93866602833052,449.58881759150427,125.80948941127033,Steel x 20 @ exchange 13.2000 / contract 12.8040; High grade e-comps x 8 @ exchange 895.0000 / contract 868.1500; Aluminium x 10 @ exchange 21.5000 / contract 20.8550
82,Attitude control,8,1590.0,2026-07-21T17:35:16.200448Z,2.715785477787575,1172.1,1172.1,3.0,1136.937,266.7736483333053,20.0,53.35472966666106,4.0,1526.3999999999999,1.0,0.388,0.388,,,False,1492.2283779999664,1492.2283779999664,1457.0653779999664,1457.4533779999663,1492.6163779999663,68.94662200003359,33.783622000033574,187.24423477020056,91.74907001475601,1457.4533779999663,68.94662200003359,187.24423477020056,33.783622000033574,91.74907001475601,Steel x 3 @ exchange 13.2000 / contract 12.8040; Batteries x 5 @ exchange 88.5000 / contract 85.8450; Electric motor x 3 @ exchange 230.0000 / contract 223.1000
23,Displays,L,121.0,2026-07-21T17:49:11.75853Z,32.14335468879014,98.8,98.8,3.0,95.836,11.806483911660568,20.0,2.361296782332113,4.0,116.16,1.0,0.388,0.388,,,False,112.96778069399268,112.96778069399268,110.00378069399268,110.39178069399269,113.35578069399268,5.76821930600731,2.8042193060073117,185.4099190757199,90.13701577814595,110.39178069399269,5.76821930600731,185.4099190757199,2.8042193060073117,90.13701577814595,Silicon x 5 @ exchange 7.6000 / contract 7.3720; Chemicals x 4 @ exchange 15.2000 / contract 14.7440
1,Power,E,0.273,2026-07-21T17:49:58.212674Z,2566.944722110229,0.0,0.0,3.0,0.0,0.16128122917257823,20.0,0.03225624583451565,4.0,0.26208000000000004,0.0,0.388,0.0,,,False,0.19353747500709387,0.19353747500709387,0.19353747500709387,0.19353747500709387,0.19353747500709387,0.06854252499290617,0.06854252499290617,175.94487277064897,175.94487277064897,0.19353747500709387,0.06854252499290617,175.94487277064897,0.06854252499290617,175.94487277064897,
102,Bricks,o,2.7,2026-07-21T17:49:59.040885Z,367.3526250147445,0.51,0.51,3.0,0.4947,1.0330673422702996,20.0,0.20661346845405995,4.0,2.592,1.0,0.388,0.388,,,False,1.7496808107243595,1.7496808107243595,1.7343808107243595,2.1223808107243594,2.1376808107243597,0.4696191892756407,0.4543191892756404,172.51584193770276,166.89534677497707,2.1223808107243594,0.4696191892756407,172.51584193770276,0.4543191892756404,166.89534677497707,Clay x 0.5 @ exchange 1.0200 / contract 0.9894
42,Iron ore,M,5.4,2026-07-21T17:46:16.668219Z,181.68824184339425,2.0975,2.0975,3.0,2.034575,1.519085644727068,20.0,0.3038171289454136,4.0,5.184,1.0,0.388,0.388,,,False,3.9204027736724814,3.9204027736724814,3.8574777736724815,4.245477773672482,4.308402773672482,0.9385222263275184,0.8755972263275185,170.51845323239496,159.08572061439938,4.245477773672482,0.9385222263275184,170.51845323239496,0.8755972263275185,159.08572061439938,Power x 7 @ exchange 0.2730 / contract 0.2648; Water x 0.5 @ exchange 0.3730 / contract 0.3618
132,Cocktails,m,2390.0,2026-07-21T14:12:32.06658Z,0.5214347857459736,472.5,472.5,3.0,458.325,1257.1083056191399,20.0,251.421661123828,4.0,2294.4,2.0,0.388,0.776,,,False,1981.0299667429679,1981.0299667429679,1966.854966742968,1967.630966742968,1981.805966742968,326.7690332570321,312.59403325703215,170.38874084479946,162.9974027568503,1967.630966742968,326.7690332570321,170.38874084479946,312.59403325703215,162.9974027568503,Orange juice x 1 @ exchange 38.2500 / contract 37.1025; Apple cider x 1 @ exchange 27.2500 / contract 26.4325; Ginger beer x 2 @ exchange 55.5000 / contract 53.8350; Coffee powder x 8 @ exchange 37.0000 / contract 35.8900
52,Combustion engine,D,610.0,2026-07-21T17:30:20.257523Z,5.596646735354555,435.2,435.2,3.0,422.144,110.95929926702063,20.0,22.191859853404125,4.0,585.6,2.0,0.388,0.776,,,False,568.3511591204248,568.3511591204248,555.2951591204247,556.0711591204247,569.1271591204247,29.52884087957534,16.4728408795753,165.26249090747945,92.19267113069016,556.0711591204247,29.52884087957534,165.26249090747945,16.4728408795753,92.19267113069016,Steel x 6 @ exchange 13.2000 / contract 12.8040; Chemicals x 5 @ exchange 15.2000 / contract 14.7440; Electronic components x 5 @ exchange 56.0000 / contract 54.3200
13,Transport,S,0.388,2026-07-21T17:49:58.402372Z,3173.9508697581,0.21023000000000003,0.21023000000000003,3.0,0.20392309999999997,0.0978276012267526,20.0,0.01956552024535052,4.0,0.37248,0.0,0.388,0.0,,,False,0.32762312147210315,0.32762312147210315,0.3213162214721031,0.3213162214721031,0.32762312147210315,0.051163778527896886,0.044856878527896826,162.39131935872913,142.37352861825158,0.3213162214721031,0.051163778527896886,162.39131935872913,0.044856878527896826,142.37352861825158,Diesel x 0.005 @ exchange 41.5000 / contract 40.2550; Power x 0.01 @ exchange 0.2730 / contract 0.2648
122,Cheese,k,126.0,2026-07-21T17:48:52.178199Z,5.510289375221167,9.7,9.7,3.0,9.408999999999999,68.8711561513533,20.0,13.774231230270662,4.0,120.96,1.0,0.388,0.388,,,False,92.34538738162396,92.34538738162396,92.05438738162397,92.44238738162397,92.73338738162397,28.51761261837602,28.226612618376024,157.1402978177105,155.53680360952114,92.44238738162397,28.51761261837602,157.1402978177105,28.226612618376024,155.53680360952114,Milk x 1 @ exchange 9.7000 / contract 9.4090
89,Jet engine,D,4840.0,2026-07-21T16:12:30.721912Z,0.8394970103031831,3687.5,3687.5,3.0,3576.875,739.7286617801376,20.0,147.94573235602752,4.0,4646.4,1.0,0.388,0.388,,,False,4575.174394136165,4575.174394136165,4464.549394136165,4464.937394136165,4575.562394136165,181.46260586383505,70.83760586383505,152.3373151045144,59.46795833972476,4464.937394136165,181.46260586383505,152.3373151045144,70.83760586383505,59.46795833972476,High grade e-comps x 4 @ exchange 895.0000 / contract 868.1500; Aluminium x 5 @ exchange 21.5000 / contract 20.8550
11,Petrol,R,40.75,2026-07-21T17:42:20.801757Z,111.41168223330178,33.1575,33.1575,3.0,32.162774999999996,4.335272480569616,20.0,0.8670544961139232,4.0,39.12,1.0,0.388,0.388,,,False,38.359826976683536,38.359826976683536,37.36510197668353,37.75310197668353,38.747826976683534,1.366898023316466,0.3721730233164635,152.28840821906243,41.464422609541046,37.75310197668353,1.366898023316466,152.28840821906243,0.3721730233164635,41.464422609541046,Power x 15 @ exchange 0.2730 / contract 0.2648; Crude oil x 0.75 @ exchange 29.5000 / contract 28.6150; Ethanol x 0.25 @ exchange 27.7500 / contract 26.9175
24,Smart phones,L,600.0,2026-07-21T17:28:05.063689Z,11.479769531710765,538.5,538.5,3.0,522.345,33.05815495264959,20.0,6.611630990529918,4.0,576.0,2.0,0.388,0.776,,,False,578.1697859431795,578.1697859431795,562.0147859431795,562.7907859431795,578.9457859431794,13.209214056820542,-2.9457859431794304,151.63873306733402,-33.816943717453086,562.7907859431795,13.209214056820542,151.63873306733402,-2.9457859431794304,-33.816943717453086,Processors x 2 @ exchange 115.0000 / contract 111.5500; Electronic components x 1 @ exchange 56.0000 / contract 54.3200; Batteries x 1 @ exchange 88.5000 / contract 85.8450; Displays x 1 @ exchange 121.0000 / contract 117.3700; Aluminium x 2 @ exchange 21.5000 / contract 20.8550
83,Rocket fuel,R,31.75,2026-07-21T17:49:01.197794Z,77.98817756331124,21.365000000000002,21.365000000000002,3.0,20.72405,6.193246400813736,20.0,1.2386492801627471,4.0,30.48,1.0,0.388,0.388,,,False,28.796895680976483,28.796895680976483,28.15594568097648,28.54394568097648,29.184895680976485,1.936054319023519,1.2951043190235154,150.98934800422182,101.00282559501721,28.54394568097648,1.936054319023519,150.98934800422182,1.2951043190235154,101.00282559501721,Methane x 1 @ exchange 20.0000 / contract 19.4000; Power x 5 @ exchange 0.2730 / contract 0.2648
20,Processors,L,115.0,2026-07-21T17:02:58.201621Z,9.183815625368613,45.599999999999994,45.599999999999994,3.0,44.232,41.32269369081198,20.0,8.264538738162395,4.0,110.39999999999999,1.0,0.388,0.388,,,False,95.18723242897437,95.18723242897437,93.81923242897437,94.20723242897438,95.57523242897437,16.192767571025612,14.824767571025617,148.71139183674717,136.14793206124295,94.20723242897438,16.192767571025612,148.71139183674717,14.824767571025617,136.14793206124295,Silicon x 4 @ exchange 7.6000 / contract 7.3720; Chemicals x 1 @ exchange 15.2000 / contract 14.7440
17,Chemicals,Y,15.2,2026-07-21T17:45:04.401479Z,213.91206017585242,11.5546,11.5546,3.0,11.207962,1.9353747500709388,20.0,0.3870749500141878,4.0,14.591999999999999,1.0,0.388,0.388,,,False,13.877049700085127,13.877049700085127,13.530411700085127,13.918411700085127,14.265049700085127,0.6735882999148721,0.3269502999148717,144.08866094514025,69.93861222990303,13.918411700085127,0.6735882999148721,144.08866094514025,0.3269502999148717,69.93861222990303,Power x 0.2 @ exchange 0.2730 / contract 0.2648; Minerals x 1 @ exchange 11.5000 / contract 11.1550
46,Leather,F,28.5,2026-07-21T17:40:17.135383Z,30.14035847857439,17.25,17.25,3.0,16.732499999999998,4.578578589173013,20.0,0.9157157178346026,4.0,27.36,1.0,0.388,0.388,,,False,22.744294307007614,22.744294307007614,22.226794307007612,22.614794307007614,23.132294307007616,4.745205692992386,4.227705692992384,143.02220064136253,127.42456512870022,22.614794307007614,4.745205692992386,143.02220064136253,4.227705692992384,127.42456512870022,Cows x 0.125 @ exchange 138.0000 / contract 133.8600
44,Sand,Q,1.3,2026-07-21T17:46:34.365456Z,1419.4393894015175,0.546,0.546,3.0,0.52962,0.1944429625250647,20.0,0.03888859250501295,4.0,1.248,1.0,0.388,0.388,,,False,0.7793315550300778,0.7793315550300778,0.7629515550300777,1.1509515550300777,1.1673315550300778,0.09704844496992227,0.0806684449699222,137.75438547047324,114.50396827207629,1.1509515550300777,0.09704844496992227,137.75438547047324,0.0806684449699222,114.50396827207629,Power x 2 @ exchange 0.2730 / contract 0.2648
56,Luxury car,1,4290.0,2026-07-21T17:37:19.724901Z,1.9930003543310857,3895.0,3895.0,3.0,3778.1499999999996,225.0375917020501,20.0,45.007518340410016,4.0,4118.4,5.0,0.388,1.94,,,False,4165.04511004246,4165.04511004246,4048.19511004246,4050.13511004246,4166.985110042459,68.26488995753971,-48.585110042459746,136.0519498737492,-96.83014152983706,4050.13511004246,68.26488995753971,136.0519498737492,-48.585110042459746,-96.83014152983706,Combustion engine x 2 @ exchange 610.0000 / contract 591.7000; Luxury car interior x 1 @ exchange 950.0000 / contract 921.5000; Car body x 1 @ exchange 805.0000 / contract 780.8500; On-board computer x 2 @ exchange 460.0000 / contract 446.2000
85,Solid fuel booster,D,7900.0,2026-07-21T16:23:01.670937Z,0.27983233676772773,4580.0,4580.0,3.0,4442.6,2219.1859853404126,20.0,443.83719706808256,4.0,7584.0,1.0,0.388,0.388,,,False,7243.023182408496,7243.023182408496,7105.623182408496,7106.011182408496,7243.411182408496,477.9888175915039,340.58881759150427,133.7567277754737,95.307764703588,7106.011182408496,477.9888175915039,133.7567277754737,340.58881759150427,95.307764703588,Aluminium x 30 @ exchange 21.5000 / contract 20.8550; Rocket fuel x 100 @ exchange 31.7500 / contract 30.7975; Chemicals x 50 @ exchange 15.2000 / contract 14.7440
74,Methane,O,20.0,2026-07-21T17:48:37.819847Z,55.36069902994857,5.460000000000001,5.460000000000001,3.0,5.2962,9.347786589906445,20.0,1.869557317981289,4.0,19.2,1.0,0.388,0.388,,,False,16.677343907887735,16.677343907887735,16.513543907887733,16.901543907887735,17.065343907887737,2.2984560921122643,2.1346560921122624,127.24413594897881,118.17605344787313,16.901543907887735,2.2984560921122643,127.24413594897881,2.1346560921122624,118.17605344787313,Power x 20 @ exchange 0.2730 / contract 0.2648
18,Aluminium,Y,21.5,2026-07-21T17:46:34.494845Z,119.79075369847736,15.595,15.595,3.0,15.12715,3.4560263394123907,20.0,0.6912052678824782,4.0,20.64,1.0,0.388,0.388,,,False,19.74223160729487,19.74223160729487,19.274381607294867,19.66238160729487,20.13023160729487,0.9776183927051321,0.50976839270513,117.1096440916418,61.06553997380891,19.66238160729487,0.9776183927051321,117.1096440916418,0.50976839270513,61.06553997380891,Power x 15 @ exchange 0.2730 / contract 0.2648; Bauxite x 1 @ exchange 11.5000 / contract 11.1550
61,Gloves,T,19.3,2026-07-21T16:27:07.001784Z,143.16670277322837,16.675,16.675,3.0,16.17475,0.9639112819311606,20.0,0.19278225638623211,4.0,18.528,1.0,0.388,0.388,,,False,17.831693538317392,17.831693538317392,17.33144353831739,17.719443538317392,18.219693538317394,0.8085564616826062,0.308306461682605,115.75836262508689,44.13921956277923,17.719443538317392,0.8085564616826062,115.75836262508689,0.308306461682605,44.13921956277923,Fabric x 0.5 @ exchange 4.8500 / contract 4.7045; Leather x 0.5 @ exchange 28.5000 / contract 27.6450
80,Flight computer,8,5000.0,2026-07-21T17:35:15.622596Z,2.2631545648229796,4500.0,4500.0,3.0,4365.0,320.1283779999663,20.0,64.02567559999325,4.0,4800.0,1.0,0.388,0.388,,,False,4884.15405359996,4884.15405359996,4749.15405359996,4749.54205359996,4884.54205359996,50.45794640003987,-84.54205359996013,114.19413172684347,-191.3317345242588,4749.54205359996,50.45794640003987,114.19413172684347,-84.54205359996013,-191.3317345242588,High grade e-comps x 4 @ exchange 895.0000 / contract 868.1500; On-board computer x 2 @ exchange 460.0000 / contract 446.2000
142,Salad,m,905.0,2026-07-21T14:12:02.563969Z,1.5017321829484038,284.75,284.75,3.0,276.2075,436.4959394510902,20.0,87.29918789021804,4.0,868.8,2.0,0.388,0.776,,,False,808.5451273413082,808.5451273413082,800.0026273413082,800.7786273413082,809.3211273413082,68.0213726586918,59.478872658691785,102.14988444988411,89.32133727704735,800.7786273413082,68.0213726586918,102.14988444988411,59.478872658691785,89.32133727704735,Vegetables x 5 @ exchange 2.7500 / contract 2.6675; Vegetable oil x 0.5 @ exchange 38.0000 / contract 36.8600; Cheese x 2 @ exchange 126.0000 / contract 122.2200
105,Limestone,Q,1.51,2026-07-21T17:45:10.419502Z,794.8860580648499,0.546,0.546,3.0,0.52962,0.34721957593761554,20.0,0.0694439151875231,4.0,1.4496,1.0,0.388,0.388,,,False,0.9626634911251387,0.9626634911251387,0.9462834911251387,1.3342834911251387,1.3506634911251387,0.11531650887486133,0.09893650887486127,91.6634851693388,78.64325153823651,1.3342834911251387,0.11531650887486133,91.6634851693388,0.09893650887486127,78.64325153823651,Power x 2 @ exchange 0.2730 / contract 0.2648
9,Eggs,F,1.24,2026-07-21T17:39:30.773279Z,389.2627297507883,0.5192,0.5192,3.0,0.503624,0.3545163444965554,20.0,0.07090326889931108,4.0,1.1904,0.1,0.388,0.0388,,,False,0.9446196133958665,0.9446196133958665,0.9290436133958665,0.9678436133958666,0.9834196133958666,0.22255638660413335,0.20698038660413332,86.63290657299672,80.56975029439843,0.9678436133958666,0.22255638660413335,86.63290657299672,0.20698038660413332,80.56975029439843,Water x 0.4 @ exchange 0.3730 / contract 0.3618; Grain x 0.5 @ exchange 0.7400 / contract 0.7178
40,Cotton,P,1.71,2026-07-21T17:11:37.113897Z,258.80120543197864,0.6659999999999999,0.6659999999999999,3.0,0.6460199999999999,0.39992085750621886,20.0,0.07998417150124376,4.0,1.6416,0.5,0.388,0.194,,,False,1.1459050290074624,1.1459050290074624,1.1259250290074625,1.3199250290074624,1.3399050290074623,0.3216749709925375,0.3016949709925376,83.24987025016547,78.07902216563457,1.3199250290074624,0.3216749709925375,83.24987025016547,0.3016949709925376,78.07902216563457,Water x 1 @ exchange 0.3730 / contract 0.3618; Seeds x 1 @ exchange 0.2930 / contract 0.2842
2,Water,W,0.373,2026-07-21T17:49:58.571452Z,1626.4285714285716,0.05460000000000001,0.05460000000000001,3.0,0.052962,0.2121212121212121,20.0,0.04242424242424242,4.0,0.35808,0.0,0.388,0.0,,,False,0.30914545454545456,0.30914545454545456,0.30750745454545453,0.30750745454545453,0.30914545454545456,0.05057254545454548,0.04893454545454545,82.25263285714291,79.58854285714285,0.30750745454545453,0.05057254545454548,82.25263285714291,0.04893454545454545,79.58854285714285,Power x 0.2 @ exchange 0.2730 / contract 0.2648
107,Beams,x,21.75,2026-07-21T17:44:16.445368Z,129.98029593885207,14.292,14.292,3.0,13.863239999999998,3.715947840488242,20.0,0.7431895680976485,4.0,20.88,5.0,0.388,1.94,,,False,18.75113740858589,18.75113740858589,18.322377408585886,20.262377408585888,20.69113740858589,0.6176225914141114,0.18886259141410733,80.27876721052691,24.548415523784172,20.262377408585888,0.6176225914141114,80.27876721052691,0.18886259141410733,24.548415523784172,Steel x 1 @ exchange 13.2000 / contract 12.8040; Power x 4 @ exchange 0.2730 / contract 0.2648
76,Carbon composite,Y,62.5,2026-07-21T16:33:39.076433Z,68.45185925627278,52.8,52.8,3.0,51.215999999999994,6.048046093971683,20.0,1.2096092187943368,4.0,60.0,1.0,0.388,0.388,,,False,60.057655312766016,60.057655312766016,58.47365531276601,58.86165531276601,60.445655312766014,1.1383446872339889,-0.44565531276601433,77.92181031566686,-30.50593474626944,58.86165531276601,1.1383446872339889,77.92181031566686,-0.44565531276601433,-30.50593474626944,Carbon fibers x 8 @ exchange 6.6000 / contract 6.4020
64,Handbags,T,47.25,2026-07-21T16:43:59.936825Z,67.81580657679238,42.75,42.75,3.0,41.4675,2.034923817410228,20.0,0.4069847634820456,4.0,45.36,1.0,0.388,0.388,,,False,45.191908580892274,45.191908580892274,43.909408580892276,44.297408580892274,45.57990858089227,1.0625914191077257,-0.21990858089227316,72.06049414836886,-14.913277786367297,44.297408580892274,1.0625914191077257,72.06049414836886,-0.21990858089227316,-14.913277786367297,Leather x 1.5 @ exchange 28.5000 / contract 27.6450
103,Cement,o,6.8,2026-07-21T17:14:54.649858Z,298.4740078244799,4.53,4.53,3.0,4.3941,1.2714674981788303,20.0,0.25429349963576603,4.0,6.528,1.0,0.388,0.388,,,False,6.0557609978145965,6.0557609978145965,5.919860997814596,6.307860997814596,6.443760997814596,0.2201390021854035,0.08423900218540314,65.70577026075932,25.143152597412396,6.307860997814596,0.2201390021854035,65.70577026075932,0.08423900218540314,25.143152597412396,Limestone x 3 @ exchange 1.5100 / contract 1.4647
128,Pasta,k,62.5,2026-07-21T15:18:13.561971Z,18.367631250737226,32.28,32.28,3.0,31.3116,20.66134684540599,20.0,4.132269369081198,4.0,60.0,1.0,0.388,0.388,,,False,57.07361621448719,57.07361621448719,56.105216214487186,56.493216214487184,57.46161621448719,3.506783785512816,2.5383837855128135,64.41131144836379,46.62409734514981,56.493216214487184,3.506783785512816,64.41131144836379,2.5383837855128135,46.62409734514981,Flour x 2 @ exchange 14.9000 / contract 14.4530; Eggs x 2 @ exchange 1.2400 / contract 1.2028
66,Seeds,P,0.293,2026-07-21T17:49:33.894604Z,889.6291436724266,0.0373,0.0373,3.0,0.036181,0.1163406130927182,20.0,0.023268122618543642,4.0,0.28128,0.1,0.388,0.0388,,,False,0.17690873571126184,0.17690873571126184,0.17578973571126183,0.21458973571126183,0.21570873571126184,0.06669026428873814,0.06557126428873813,59.32960271047793,58.33410769870847,0.21458973571126183,0.06669026428873814,59.32960271047793,0.06557126428873813,58.33410769870847,Water x 0.1 @ exchange 0.3730 / contract 0.3618
126,Ginger beer,6,55.5,2026-07-21T17:36:10.123609Z,73.12838537256573,49.623,49.623,3.0,48.13431,3.302411215147644,20.0,0.6604822430295287,4.0,53.28,1.0,0.388,0.388,,,False,53.58589345817717,53.58589345817717,52.09720345817717,52.48520345817717,53.973893458177166,0.7947965418228335,-0.6938934581771647,58.12218780320273,-50.743308217082024,52.48520345817717,0.7947965418228335,58.12218780320273,-0.6938934581771647,-50.743308217082024,Water x 1 @ exchange 0.3730 / contract 0.3618; Vegetables x 3 @ exchange 2.7500 / contract 2.6675; Sugar x 2 @ exchange 20.5000 / contract 19.8850
123,Apple pie,j,294.0,2026-07-21T16:49:44.253045Z,5.979001062993257,187.6,187.6,3.0,181.97199999999998,75.01253056735003,20.0,15.002506113470005,4.0,282.24,2.0,0.388,0.776,,,False,277.61503668082,277.61503668082,271.98703668082004,272.76303668082005,278.39103668082004,9.476963319179958,3.8489633191799726,56.66277375932508,23.01295577679911,272.76303668082005,9.476963319179958,56.66277375932508,3.8489633191799726,23.01295577679911,Dough x 1 @ exchange 142.0000 / contract 137.7400; Apples x 2 @ exchange 2.3000 / contract 2.2310; Sugar x 2 @ exchange 20.5000 / contract 19.8850
16,Silicon,Y,7.6,2026-07-21T17:45:33.833953Z,154.01668332661376,3.419,3.419,3.0,3.3164299999999995,2.688020486209637,20.0,0.5376040972419274,4.0,7.295999999999999,1.0,0.388,0.388,,,False,6.644624583451564,6.644624583451564,6.542054583451564,6.930054583451564,7.032624583451564,0.3659454165484357,0.26337541654843566,56.36169933536618,40.56420812655541,6.930054583451564,0.3659454165484357,56.36169933536618,0.26337541654843566,40.56420812655541,Power x 3 @ exchange 0.2730 / contract 0.2648; Sand x 2 @ exchange 1.3000 / contract 1.2610
57,Truck,1,5575.0,2026-07-21T15:51:04.453956Z,4.783200850394605,5389.0,5389.0,3.0,5227.33,93.76566320918754,20.0,18.753132641837507,4.0,5352.0,5.0,0.388,1.94,,,False,5501.518795851025,5501.518795851025,5339.848795851025,5341.788795851025,5503.458795851025,10.211204148975412,-151.45879585102466,48.84224036893211,-724.4578411143641,5341.788795851025,10.211204148975412,48.84224036893211,-151.45879585102466,-724.4578411143641,Combustion engine x 6 @ exchange 610.0000 / contract 591.7000; Basic interior x 1 @ exchange 332.0000 / contract 322.0400; Car body x 1 @ exchange 805.0000 / contract 780.8500; Steel x 10 @ exchange 13.2000 / contract 12.8040; On-board computer x 1 @ exchange 460.0000 / contract 446.2000
127,Frozen pizza,k,490.0,2026-07-21T17:49:00.731735Z,9.183815625368613,428.2,428.2,3.0,415.354,41.32269369081198,20.0,8.264538738162395,4.0,470.4,1.0,0.388,0.388,,,False,477.7872324289744,477.7872324289744,464.9412324289744,465.32923242897436,478.17523242897437,5.070767571025613,-7.775232428974391,46.56899445139747,-71.40630107208777,465.32923242897436,5.070767571025613,46.56899445139747,-7.775232428974391,-71.40630107208777,Dough x 2 @ exchange 142.0000 / contract 137.7400; Vegetables x 2 @ exchange 2.7500 / contract 2.6675; Cheese x 1 @ exchange 126.0000 / contract 122.2200; Sausages x 1 @ exchange 12.7000 / contract 12.3190
41,Fabric,T,4.85,2026-07-21T17:37:21.406062Z,241.12286782859513,3.693,3.693,3.0,3.58221,0.5723223236466266,20.0,0.11446446472932532,4.0,4.656,0.5,0.388,0.194,,,False,4.379786788375952,4.379786788375952,4.268996788375952,4.462996788375952,4.573786788375952,0.1930032116240481,0.08221321162404749,46.53748788691973,19.823485360189522,4.462996788375952,0.1930032116240481,46.53748788691973,0.08221321162404749,19.823485360189522,Cotton x 2 @ exchange 1.7100 / contract 1.6587; Power x 1 @ exchange 0.2730 / contract 0.2648
5,Grapes,P,3.3,2026-07-21T17:34:54.640348Z,161.75075339498665,1.785,1.785,3.0,1.7314499999999997,0.6398733720099502,20.0,0.12797467440199004,4.0,3.1679999999999997,1.0,0.388,0.388,,,False,2.55284804641194,2.55284804641194,2.4992980464119396,2.8872980464119395,2.94084804641194,0.28070195358806016,0.22715195358805973,45.40375247231331,36.741999628011705,2.8872980464119395,0.28070195358806016,45.40375247231331,0.22715195358805973,36.741999628011705,Water x 4 @ exchange 0.3730 / contract 0.3618; Seeds x 1 @ exchange 0.2930 / contract 0.2842
119,Coffee powder,i,37.0,2026-07-21T16:37:43.454996Z,17.678845078834577,7.05,7.05,3.0,6.8385,21.466334384837396,20.0,4.293266876967479,4.0,35.519999999999996,1.0,0.388,0.388,,,False,32.80960126180487,32.80960126180487,32.59810126180487,32.98610126180487,33.19760126180487,2.533898738195127,2.322398738195126,44.796403238006064,41.05732750383254,32.98610126180487,2.533898738195127,44.796403238006064,2.322398738195126,41.05732750383254,Coffee beans x 10 @ exchange 0.7050 / contract 0.6838
6,Grain,P,0.74,2026-07-21T17:48:41.280885Z,808.7537669749333,0.4795,0.4795,3.0,0.46511499999999995,0.12797467440199,20.0,0.025594934880398004,4.0,0.7103999999999999,0.1,0.388,0.0388,,,False,0.633069609282388,0.633069609282388,0.618684609282388,0.657484609282388,0.6718696092823879,0.052915390717611865,0.038530390717611995,42.795521573819016,31.161598635884705,0.657484609282388,0.052915390717611865,42.795521573819016,0.038530390717611995,31.161598635884705,Water x 0.5 @ exchange 0.3730 / contract 0.3618; Seeds x 1 @ exchange 0.2930 / contract 0.2842
4,Oranges,P,2.75,2026-07-21T17:40:38.281814Z,186.01336640423466,1.412,1.412,3.0,1.36964,0.5564116278347392,20.0,0.11128232556694784,4.0,2.6399999999999997,1.0,0.388,0.388,,,False,2.0796939534016867,2.0796939534016867,2.0373339534016868,2.4253339534016867,2.4676939534016866,0.214666046598313,0.17230604659831306,39.93075398044051,32.05122777955714,2.4253339534016867,0.214666046598313,39.93075398044051,0.17230604659831306,32.05122777955714,Water x 3 @ exchange 0.3730 / contract 0.3618; Seeds x 1 @ exchange 0.2930 / contract 0.2842
136,Cocoa,P,1.71,2026-07-21T16:59:19.038439Z,169.83829106473598,0.6659999999999999,0.6659999999999999,3.0,0.6460199999999999,0.6094032114380478,20.0,0.12188064228760956,4.0,1.6416,0.1,0.388,0.0388,,,False,1.3972838537256573,1.3972838537256573,1.3773038537256572,1.4161038537256572,1.4360838537256573,0.22549614627434278,0.20551614627434267,38.29788012491811,34.904511069444666,1.4161038537256572,0.22549614627434278,38.29788012491811,0.20551614627434267,34.904511069444666,Water x 1 @ exchange 0.3730 / contract 0.3618; Seeds x 1 @ exchange 0.2930 / contract 0.2842
63,Stiletto Heel,T,33.75,2026-07-21T16:14:07.678532Z,97.95616505536677,30.88,30.88,3.0,29.953599999999998,1.4087934120532348,20.0,0.281758682410647,4.0,32.4,1.0,0.388,0.388,,,False,32.57055209446388,32.57055209446388,31.64415209446388,32.03215209446388,32.958552094463876,0.36784790553611657,-0.5585520944638773,36.0329701499668,-54.713621157324376,32.03215209446388,0.36784790553611657,36.0329701499668,-0.5585520944638773,-54.713621157324376,Leather x 1 @ exchange 28.5000 / contract 27.6450; Plastic x 0.2 @ exchange 11.9000 / contract 11.5430
108,Planks,x,9.7,2026-07-21T17:45:52.822995Z,85.19279968106476,1.925,1.925,3.0,1.86725,5.669493217832976,20.0,1.1338986435665952,4.0,9.312,1.0,0.388,0.388,,,False,8.72839186139957,8.72839186139957,8.670641861399572,9.058641861399572,9.11639186139957,0.25335813860042755,0.19560813860042892,21.584289149353665,16.664404967772292,9.058641861399572,0.25335813860042755,21.584289149353665,0.19560813860042892,16.664404967772292,Wood x 0.5 @ exchange 3.8500 / contract 3.7345
104,Clay,Q,1.02,2026-07-21T17:49:36.874138Z,1078.7739359451534,0.273,0.273,3.0,0.26481,0.25584600332245355,20.0,0.051169200664490704,4.0,0.9792,1.0,0.388,0.388,,,False,0.5800152039869443,0.5800152039869443,0.5718252039869443,0.9598252039869443,0.9680152039869443,0.019374796013055695,0.011184796013055665,20.90102495313856,12.065866417747719,0.9598252039869443,0.019374796013055695,20.90102495313856,0.011184796013055665,12.065866417747719,Power x 1 @ exchange 0.2730 / contract 0.2648
73,Ethanol,6,27.75,2026-07-21T17:48:55.273508Z,60.94032114380477,21.96,21.96,3.0,21.301199999999998,3.9628934581771724,20.0,0.7925786916354345,4.0,26.64,1.0,0.388,0.388,,,False,26.71547214981261,26.71547214981261,26.056672149812606,26.444672149812607,27.10347214981261,0.19532785018739318,-0.46347214981260976,11.903341918748728,-28.244141650790034,26.444672149812607,0.19532785018739318,11.903341918748728,-0.46347214981260976,-28.244141650790034,Power x 20 @ exchange 0.2730 / contract 0.2648; Sugarcane x 10 @ exchange 1.6500 / contract 1.6005
49,Luxury car interior,1,950.0,2026-07-21T17:06:58.518415Z,19.930003543310857,911.5,911.5,3.0,884.155,22.503759170205008,20.0,4.500751834041001,4.0,912.0,2.0,0.388,0.776,,,False,938.5045110042461,938.5045110042461,911.159511004246,911.935511004246,939.280511004246,0.06448899575400446,-27.280511004246023,1.2852659138818678,-543.7006809779541,911.935511004246,0.06448899575400446,1.2852659138818678,-27.280511004246023,-543.7006809779541,Displays x 6 @ exchange 121.0000 / contract 117.3700; Aluminium x 2 @ exchange 21.5000 / contract 20.8550; Leather x 5 @ exchange 28.5000 / contract 27.6450
125,Apple cider,6,27.25,2026-07-21T17:38:21.145303Z,36.564192686282865,18.4,18.4,3.0,17.848,6.604822430295288,20.0,1.3209644860590575,4.0,26.16,1.0,0.388,0.388,,,False,26.325786916354343,26.325786916354343,25.773786916354343,26.161786916354345,26.713786916354344,-0.00178691635434447,-0.5537869163543441,-0.06533715389452131,-20.24877151672265,26.161786916354345,-0.00178691635434447,-0.06533715389452131,-0.5537869163543441,-20.24877151672265,Apples x 8 @ exchange 2.3000 / contract 2.2310
106,Wood,P,3.85,2026-07-21T17:28:43.878771Z,76.83160786261867,1.785,1.785,3.0,1.7314499999999997,1.3471018358104212,20.0,0.26942036716208423,4.0,3.6959999999999997,1.0,0.388,0.388,,,False,3.4015222029725054,3.4015222029725054,3.347972202972505,3.735972202972505,3.7895222029725053,-0.039972202972505144,-0.09352220297250557,-3.0711286241885154,-7.185461225231778,3.735972202972505,-0.039972202972505144,-3.0711286241885154,-0.09352220297250557,-7.185461225231778,Water x 4 @ exchange 0.3730 / contract 0.3618; Seeds x 1 @ exchange 0.2930 / contract 0.2842
124,Orange juice,6,38.25,2026-07-21T17:24:03.902446Z,91.41048171570716,34.25,34.25,3.0,33.2225,2.641928972118115,20.0,0.528385794423623,4.0,36.72,1.0,0.388,0.388,,,False,37.420314766541736,37.420314766541736,36.39281476654173,36.78081476654173,37.808314766541734,-0.06081476654173201,-1.0883147665417354,-5.559107105007994,-99.48337706789742,36.78081476654173,-0.06081476654173201,-5.559107105007994,-1.0883147665417354,-99.48337706789742,Oranges x 5 @ exchange 2.7500 / contract 2.6675; Sugar x 1 @ exchange 20.5000 / contract 19.8850
120,Vegetables,P,2.75,2026-07-21T17:48:46.703661Z,283.06381844122666,2.211,2.211,3.0,2.1446699999999996,0.36564192686282865,20.0,0.07312838537256573,4.0,2.6399999999999997,0.2,0.388,0.0776,,,False,2.6497703122353946,2.6497703122353946,2.5834403122353944,2.6610403122353943,2.7273703122353945,-0.021040312235394598,-0.08737031223539482,-5.955751122546457,-24.731374199753084,2.6610403122353943,-0.021040312235394598,-5.955751122546457,-0.08737031223539482,-24.731374199753084,Water x 2 @ exchange 0.3730 / contract 0.3618; Seeds x 5 @ exchange 0.2930 / contract 0.2842
72,Sugarcane,P,1.65,2026-07-21T17:47:33.665886Z,647.0030135799466,1.412,1.412,3.0,1.36964,0.15996834300248755,20.0,0.03199366860049751,4.0,1.5839999999999999,0.1,0.388,0.0388,,,False,1.6039620116029851,1.6039620116029851,1.5616020116029852,1.6004020116029851,1.642762011602985,-0.016402011602985267,-0.05876201160298522,-10.612150935904719,-38.01919859115122,1.6004020116029851,-0.016402011602985267,-10.612150935904719,-0.05876201160298522,-38.01919859115122,Water x 3 @ exchange 0.3730 / contract 0.3618; Seeds x 1 @ exchange 0.2930 / contract 0.2842
55,Economy car,1,2270.0,2026-07-21T17:39:49.831922Z,13.9510024803176,2207.0,2207.0,3.0,2140.79,32.14822738600716,20.0,6.429645477201432,4.0,2179.2,5.0,0.388,1.94,,,False,2245.5778728632085,2245.5778728632085,2179.3678728632085,2181.3078728632086,2247.5178728632086,-2.1078728632087405,-68.31787286320878,-29.4069395428193,-953.1028137646481,2181.3078728632086,-2.1078728632087405,-29.4069395428193,-68.31787286320878,-953.1028137646481,Combustion engine x 1 @ exchange 610.0000 / contract 591.7000; Basic interior x 1 @ exchange 332.0000 / contract 322.0400; Car body x 1 @ exchange 805.0000 / contract 780.8500; On-board computer x 1 @ exchange 460.0000 / contract 446.2000
3,Apples,P,2.3,2026-07-21T17:49:40.617111Z,202.18844174373334,1.412,1.412,3.0,1.36964,0.51189869760796,20.0,0.10237973952159202,4.0,2.2079999999999997,1.0,0.388,0.388,,,False,2.026278437129552,2.026278437129552,1.983918437129552,2.371918437129552,2.414278437129552,-0.16391843712955234,-0.2062784371295523,-33.14241337629231,-41.70711576855685,2.371918437129552,-0.16391843712955234,-33.14241337629231,-0.2062784371295523,-41.70711576855685,Water x 3 @ exchange 0.3730 / contract 0.3618; Seeds x 1 @ exchange 0.2930 / contract 0.2842
118,Coffee beans,P,0.705,2026-07-21T17:26:23.283193Z,499.0819496002313,0.4795,0.4795,3.0,0.46511499999999995,0.20738077200128022,20.0,0.041476154400256045,4.0,0.6768,0.1,0.388,0.0388,,,False,0.7283569264015363,0.7283569264015363,0.7139719264015363,0.7527719264015362,0.7671569264015363,-0.07597192640153627,-0.09035692640153636,-37.91621714336401,-45.09551098836338,0.7527719264015362,-0.07597192640153627,-37.91621714336401,-0.09035692640153636,-45.09551098836338,Water x 0.5 @ exchange 0.3730 / contract 0.3618; Seeds x 1 @ exchange 0.2930 / contract 0.2842
62,Dress,T,22.0,2026-07-21T17:42:00.694496Z,150.70179239287197,20.5,20.5,3.0,19.884999999999998,0.9157157178346026,20.0,0.18314314356692052,4.0,21.119999999999997,1.0,0.388,0.388,,,False,21.59885886140152,21.59885886140152,20.98385886140152,21.37185886140152,21.986858861401522,-0.2518588614015229,-0.8668588614015249,-37.95558184323742,-130.63718416485398,21.37185886140152,-0.2518588614015229,-37.95558184323742,-0.8668588614015249,-130.63718416485398,Fabric x 3 @ exchange 4.8500 / contract 4.7045; Plastic x 0.5 @ exchange 11.9000 / contract 11.5430
60,Underwear,T,6.1,2026-07-21T17:43:08.78691Z,165.77197163215916,4.85,4.85,3.0,4.7044999999999995,0.8324688343950932,20.0,0.16649376687901862,4.0,5.856,1.0,0.388,0.388,,,False,5.848962601274112,5.848962601274112,5.703462601274111,6.091462601274111,6.2369626012741115,-0.23546260127411145,-0.38096260127411163,-39.03309965884641,-63.152921531325596,6.091462601274111,-0.23546260127411145,-39.03309965884641,-0.38096260127411163,-63.152921531325596,Fabric x 1 @ exchange 4.8500 / contract 4.7045
77,Fuselage,7,2730.0,2026-07-21T16:59:34.828368Z,3.3038359820105594,2500.0,2500.0,3.0,2425.0,177.52091907513025,20.0,35.504183815026046,4.0,2620.7999999999997,2.0,0.388,0.776,,,False,2713.025102890156,2713.025102890156,2638.025102890156,2638.801102890156,2713.801102890156,-18.00110289015629,-93.00110289015629,-59.47269144437262,-307.26039009516455,2638.801102890156,-18.00110289015629,-59.47269144437262,-93.00110289015629,-307.26039009516455,Carbon composite x 40 @ exchange 62.5000 / contract 60.6250
139,Fodder,i,10.7,2026-07-21T17:49:47.710524Z,284.69828438642696,8.775,8.775,3.0,8.51175,1.3329901190584512,20.0,0.26659802381169023,4.0,10.271999999999998,1.0,0.388,0.388,,,False,10.374588142870142,10.374588142870142,10.11133814287014,10.49933814287014,10.762588142870142,-0.22733814287014198,-0.4905881428701431,-64.72277925072585,-139.66960261545304,10.49933814287014,-0.22733814287014198,-64.72277925072585,-0.4905881428701431,-139.66960261545304,Vegetables x 0.5 @ exchange 2.7500 / contract 2.6675; Grain x 10 @ exchange 0.7400 / contract 0.7178
68,Gold ore,M,31.75,2026-07-21T17:43:40.799706Z,56.7775755760607,22.586000000000002,22.586000000000002,3.0,21.90842,4.861074063126618,20.0,0.9722148126253236,4.0,30.48,10.0,0.388,3.88,,,False,28.419288875751946,28.419288875751946,27.741708875751943,31.621708875751942,32.29928887575195,-1.1417088757519416,-1.8192888757519476,-64.82346197886515,-103.2948116376927,31.621708875751942,-1.1417088757519416,-64.82346197886515,-1.8192888757519476,-103.2948116376927,Power x 80 @ exchange 0.2730 / contract 0.2648; Water x 2 @ exchange 0.3730 / contract 0.3618
88,Ion drive,D,11400.0,2026-07-21T17:35:19.687083Z,0.5596646735354555,10043.0,10043.0,3.0,9741.71,1109.5929926702063,20.0,221.91859853404128,4.0,10944.0,1.0,0.388,0.388,,,False,11374.511591204247,11374.511591204247,11073.221591204247,11073.609591204247,11374.899591204248,-129.6095912042474,-430.8995912042483,-72.53790954838897,-241.15927903788682,11073.609591204247,-129.6095912042474,-72.53790954838897,-430.8995912042483,-241.15927903788682,High grade e-comps x 8 @ exchange 895.0000 / contract 868.1500; Batteries x 30 @ exchange 88.5000 / contract 85.8450; Chemicals x 15 @ exchange 15.2000 / contract 14.7440
115,Cows,F,138.0,2026-07-21T17:46:19.276787Z,37.67544809821799,134.36799999999997,134.36799999999997,3.0,130.33696,3.6628628713384104,20.0,0.7325725742676821,4.0,132.48,1.0,0.388,0.388,,,False,138.76343544560606,138.76343544560606,134.7323954456061,135.1203954456061,139.15143544560607,-2.640395445606117,-6.671435445606079,-99.47808156970443,-251.34931987154366,135.1203954456061,-2.640395445606117,-99.47808156970443,-6.671435445606079,-251.34931987154366,Water x 16 @ exchange 0.3730 / contract 0.3618; Fodder x 12 @ exchange 10.7000 / contract 10.3790
116,Pigs,F,45.75,2026-07-21T17:43:00.843156Z,82.88598581607958,44.291999999999994,44.291999999999994,3.0,42.96324,1.6649376687901865,20.0,0.33298753375803725,4.0,43.92,1.0,0.388,0.388,,,False,46.28992520254822,46.28992520254822,44.96116520254822,45.34916520254822,46.67792520254822,-1.4291652025482193,-2.757925202548215,-118.45776670724621,-228.59334922021975,45.34916520254822,-1.4291652025482193,-118.45776670724621,-2.757925202548215,-228.59334922021975,Water x 4 @ exchange 0.3730 / contract 0.3618; Fodder x 4 @ exchange 10.7000 / contract 10.3790
141,Vegetable oil,k,38.0,2026-07-21T17:18:18.622055Z,36.73526250147445,27.773,27.773,3.0,26.93981,10.330673422702995,20.0,2.066134684540599,4.0,36.48,1.0,0.388,0.388,,,False,40.1698081072436,40.1698081072436,39.336618107243595,39.72461810724359,40.557808107243595,-3.2446181072435962,-4.077808107243598,-119.1918978866307,-149.79935125023425,39.72461810724359,-3.2446181072435962,-119.1918978866307,-4.077808107243598,-149.79935125023425,Vegetables x 10 @ exchange 2.7500 / contract 2.6675; Power x 1 @ exchange 0.2730 / contract 0.2648
133,Flour,i,14.9,2026-07-21T17:39:33.709576Z,87.24624844100181,11.1,11.1,3.0,10.767,4.349757230611788,20.0,0.8699514461223575,4.0,14.304,0.1,0.388,0.0388,,,False,16.319708676734145,16.319708676734145,15.986708676734144,16.025508676734145,16.358508676734143,-1.7215086767341443,-2.0545086767341427,-150.19517370368743,-179.24817443454089,16.025508676734145,-1.7215086767341443,-150.19517370368743,-2.0545086767341427,-179.24817443454089,Grain x 15 @ exchange 0.7400 / contract 0.7178
51,Car body,1,805.0,2026-07-21T16:55:37.129682Z,28.699205102367632,782.5,782.5,3.0,759.025,15.62761053486459,20.0,3.1255221069729178,4.0,772.8,2.0,0.388,0.776,,,False,801.2531326418375,801.2531326418375,777.7781326418375,778.5541326418374,802.0291326418375,-5.7541326418374865,-29.22913264183751,-165.13903287432254,-838.8528726524033,778.5541326418374,-5.7541326418374865,-165.13903287432254,-29.22913264183751,-838.8528726524033,Aluminium x 30 @ exchange 21.5000 / contract 20.8550; Glass x 5 @ exchange 14.3000 / contract 13.8710; Steel x 5 @ exchange 13.2000 / contract 12.8040
121,Bread,j,172.0,2026-07-21T17:17:36.397088Z,11.958002125986514,142.0,142.0,3.0,137.74,37.50626528367501,20.0,7.501253056735003,4.0,165.12,1.0,0.388,0.388,,,False,187.00751834041003,187.00751834041003,182.74751834041004,183.13551834041004,187.39551834041004,-18.01551834041004,-22.27551834041003,-215.4296066153723,-266.37069567207476,183.13551834041004,-18.01551834041004,-215.4296066153723,-22.27551834041003,-266.37069567207476,Dough x 1 @ exchange 142.0000 / contract 137.7400
54,Luxury e-car,1,6375.0,2026-07-21T17:31:50.114847Z,3.9860007086621714,6250.0,6250.0,3.0,6062.5,112.51879585102505,20.0,22.503759170205008,4.0,6120.0,5.0,0.388,1.94,,,False,6385.02255502123,6385.02255502123,6197.52255502123,6199.4625550212295,6386.9625550212295,-79.46255502122949,-266.9625550212295,-316.73780062672756,-1064.1129335008848,6199.4625550212295,-79.46255502122949,-316.73780062672756,-266.9625550212295,-1064.1129335008848,Electric motor x 4 @ exchange 230.0000 / contract 223.1000; Luxury car interior x 1 @ exchange 950.0000 / contract 921.5000; Car body x 1 @ exchange 805.0000 / contract 780.8500; Batteries x 30 @ exchange 88.5000 / contract 85.8450; On-board computer x 2 @ exchange 460.0000 / contract 446.2000
78,Wing,7,2050.0,2026-07-21T16:59:37.376344Z,8.109415592207736,1982.5,1982.5,3.0,1923.025,72.323337400979,20.0,14.464667480195798,4.0,1968.0,2.0,0.388,0.776,,,False,2069.288004881175,2069.288004881175,2009.813004881175,2010.589004881175,2070.0640048811747,-42.589004881175015,-102.0640048811747,-345.371940240012,-827.6794325865645,2010.589004881175,-42.589004881175015,-345.371940240012,-102.0640048811747,-827.6794325865645,Carbon composite x 30 @ exchange 62.5000 / contract 60.6250; Aluminium x 5 @ exchange 21.5000 / contract 20.8550
114,Robots,L,630.0,2026-07-21T17:27:37.798432Z,2.2959539063421532,579.0,579.0,3.0,561.63,165.29077476324792,20.0,33.05815495264958,4.0,604.8,2.0,0.388,0.776,,,False,777.3489297158975,777.3489297158975,759.9789297158975,760.7549297158974,778.1249297158975,-155.9549297158975,-173.3249297158975,-358.0653300945308,-397.946049447694,760.7549297158974,-155.9549297158975,-358.0653300945308,-173.3249297158975,-397.946049447694,Electric motor x 1 @ exchange 230.0000 / contract 223.1000; Processors x 2 @ exchange 115.0000 / contract 111.5500; Plastic x 10 @ exchange 11.9000 / contract 11.5430
101,Reinforced concrete,o,206.0,2026-07-21T17:49:58.698197Z,188.26822032005654,201.46,201.46,3.0,195.4162,2.015741155649365,20.0,0.4031482311298731,4.0,197.76,10.0,0.388,3.88,,,False,203.87888938677924,203.87888938677924,197.83508938677923,201.71508938677923,207.75888938677923,-3.9550893867792354,-9.99888938677924,-744.6176400556704,-1882.473110026029,201.71508938677923,-3.9550893867792354,-744.6176400556704,-9.99888938677924,-1882.473110026029,Cement x 15 @ exchange 6.8000 / contract 6.5960; Sand x 20 @ exchange 1.3000 / contract 1.2610; Water x 20 @ exchange 0.3730 / contract 0.3618; Steel x 5 @ exchange 13.2000 / contract 12.8040
87,Heat shield,7,454.0,2026-07-21T17:49:22.807254Z,12.013949025492943,492.0,492.0,3.0,477.24,48.81825274566082,20.0,9.763650549132164,4.0,435.84,1.0,0.388,0.388,,,False,550.581903294793,550.581903294793,535.8219032947931,536.2099032947931,550.9699032947931,-100.36990329479312,-115.12990329479311,-1205.8389018773007,-1383.1647894935766,536.2099032947931,-100.36990329479312,-1205.8389018773007,-115.12990329479311,-1383.1647894935766,Steel x 20 @ exchange 13.2000 / contract 12.8040; Silicon x 30 @ exchange 7.6000 / contract 7.3720
53,Economy e-car,1,3370.0,2026-07-21T17:16:01.766885Z,19.930003543310857,3384.5,3384.5,3.0,3282.965,22.503759170205008,20.0,4.500751834041001,4.0,3235.2,5.0,0.388,1.94,,,False,3411.5045110042456,3411.5045110042456,3309.9695110042458,3311.909511004246,3413.4445110042457,-76.709511004246,-178.24451100424585,-1528.8208261202658,-3552.413735890331,3311.909511004246,-76.709511004246,-1528.8208261202658,-178.24451100424585,-3552.413735890331,Electric motor x 2 @ exchange 230.0000 / contract 223.1000; Basic interior x 1 @ exchange 332.0000 / contract 322.0400; Car body x 1 @ exchange 805.0000 / contract 780.8500; Batteries x 15 @ exchange 88.5000 / contract 85.8450; On-board computer x 1 @ exchange 460.0000 / contract 446.2000
71,Necklace,T,1610.0,2026-07-21T17:14:52.762752Z,41.44299290803979,1631.25,1631.25,3.0,1582.3125,3.329875337580373,20.0,0.6659750675160745,4.0,1545.6,1.0,0.388,0.388,,,False,1635.2458504050965,1635.2458504050965,1586.3083504050965,1586.6963504050964,1635.6338504050964,-41.09635040509647,-90.03385040509647,-1703.1557583847314,-3731.2722238219285,1586.6963504050964,-41.09635040509647,-1703.1557583847314,-90.03385040509647,-3731.2722238219285,Golden bars x 0.25 @ exchange 6525.0000 / contract 6329.2500
69,Golden bars,Y,6525.0,2026-07-21T17:31:02.921138Z,29.94768842461934,6360.92,6360.92,3.0,6170.0924,13.824105357649563,20.0,2.7648210715299126,4.0,6264.0,1000.0,0.388,388.0,,,False,6377.508926429179,6377.508926429179,6186.6813264291795,6574.6813264291795,6765.508926429179,-310.68132642917953,-501.50892642917916,-9304.187563248523,-15019.0330708664,6574.6813264291795,-310.68132642917953,-9304.187563248523,-501.50892642917916,-15019.0330708664,Power x 40 @ exchange 0.2730 / contract 0.2648; Gold ore x 200 @ exchange 31.7500 / contract 30.7975
